node.ID,node.`closeness`,node.DEST,node.ORIG
1524,0.577269994,,"139.7668389,35.69636092"
504,0.567040756,,"139.7570442,35.68431018"
5178,0.567040756,,"139.745531,35.66203467"
1005,0.565038258,,"139.7418047,35.68723724"
16347,0.559114735,,"139.6916144,35.69467596"
5668,0.557815224,,"139.7538057,35.63696412"
18023,0.554592721,,"139.7037923,35.66398901"
2002,0.550143266,,"139.7543978,35.67335735"
15855,0.548258138,,"139.7054059,35.69702138"
2475,0.547008547,,"139.7828377,35.68697357"
507,0.546697039,"139.7668389,35.69636092",
1047,0.546697039,"139.6916144,35.69467596",
1016,0.545454545,"139.745531,35.66203467",
1017,0.544217687,"139.7538057,35.63696412",
1051,0.543601359,"139.7037923,35.66398901",
3862,0.543293718,,"139.7745685,35.66998822"
6135,0.543293718,,"139.7353411,35.65164471"
1007,0.542986425,"139.7570442,35.68431018",
1008,0.542986425,"139.7418047,35.68723724",
1009,0.541760722,"139.7543978,35.67335735",
8014,0.541455161,,"139.7235183,35.62339142"
4674,0.54084507,,"139.7259117,35.67034591"
1010,0.540540541,"139.7828377,35.68697357",
2937,0.540236353,,"139.7720878,35.67964466"
1011,0.539325843,"139.7720878,35.67964466",
1018,0.539325843,"139.7353411,35.65164471",
1046,0.539325843,"139.7054059,35.69702138",
1052,0.539325843,"139.7110099,35.64998239",
1074,0.539325843,"139.7903151,35.63279825",
1023,0.538720539,"139.7235183,35.62339142",
1013,0.538116592,"139.7745685,35.66998822",
1015,0.538116592,"139.7259117,35.67034591",
1038,0.538116592,"139.7097207,35.72781321",
3395,0.537815126,,"139.7655765,35.67051251"
1012,0.536912752,"139.7655765,35.67051251",
1045,0.535714286,"139.7227033,35.68557888",
1050,0.535714286,"139.6994244,35.67840857",
1024,0.534521158,"139.7439541,35.61712843",
1037,0.534521158,"139.7293076,35.73465323",
1125,0.534521158,"139.5615518,35.70807085",
1041,0.533333333,"139.761848,35.70762469",
1049,0.533333333,"139.7184147,35.70289695",
900,0.532150776,"139.9020224,35.64286339",
1053,0.532150776,"139.6800175,35.67391643",
12804,0.531855956,,"139.7097207,35.72781321"
1042,0.530973451,"139.7438859,35.7111742",
1060,0.530973451,"139.7743237,35.71854476",
1019,0.529801325,"139.7302876,35.63740051",
12356,0.52892562,,"139.7293076,35.73465323"
1124,0.528634361,"139.5604214,35.68476942",
1040,0.527472527,"139.7538668,35.72391625",
1025,0.526315789,"139.7340215,35.59835554",
1044,0.526315789,"139.7352426,35.70163352",
1081,0.526315789,"139.6397615,35.70590766",
1084,0.526315789,"139.6070025,35.69722391",
1088,0.526315789,"139.6416671,35.6230338",
1131,0.525164114,"139.4664105,35.67548488",
1145,0.525164114,"139.4649487,35.53898121",
1014,0.524017467,"139.7790324,35.65777559",
1048,0.524017467,"139.6917738,35.71712659",
1079,0.524017467,"139.6748936,35.70599871",
1122,0.524017467,"139.5404373,35.65276807",
21050,0.523731588,,"139.7743237,35.71854476"
1155,0.522875817,"139.3839387,35.6240288",
24792,0.522022838,,"139.7903151,35.63279825"
1020,0.52173913,"139.7045167,35.63454693",
1036,0.52173913,"139.7148346,35.5625941",
8443,0.520889853,,"139.7439541,35.61712843"
1022,0.520607375,"139.6892333,35.64785201",
1029,0.520607375,"139.7186254,35.57677553",
1059,0.520607375,"139.7862782,35.70297098",
1058,0.519480519,"139.7884656,35.71271137",
1082,0.519480519,"139.6507129,35.68215948",
1087,0.519480519,"139.6714428,35.64180982",
1133,0.519480519,"139.5110479,35.70104903",
1021,0.518358531,"139.6808978,35.61920867",
1043,0.518358531,"139.7314637,35.71996232",
17538,0.518078791,,"139.6994244,35.67840857"
1031,0.517241379,"139.7696799,35.55199857",
705,0.516129032,"139.6365633,35.53949007",
1093,0.516129032,"139.6381256,35.64687005",
18443,0.515851693,,"139.7110099,35.64998239"
1030,0.515021459,"139.7572248,35.57975848",
1105,0.515021459,"139.7356571,35.76131306",
1101,0.51391863,"139.7025104,35.75068756",
20616,0.513094602,,"139.7862782,35.70297098"
1149,0.512820513,"139.4342272,35.62162696",
1026,0.511727079,"139.7106939,35.611439",
1066,0.511727079,"139.8001083,35.69497339",
1083,0.511727079,"139.6265447,35.68332672",
1095,0.511727079,"139.6572866,35.73783977",
13837,0.511454449,,"139.761848,35.70762469"
14249,0.511454449,,"139.7438859,35.7111742"
1055,0.510638298,"139.7795161,35.73804087",
1132,0.510638298,"139.4387389,35.68629901",
739,0.50955414,"139.6662313,35.57313865",
1073,0.50955414,"139.8083678,35.65666891",
1104,0.50955414,"139.7156401,35.78123441",
1130,0.50955414,"139.4987436,35.66587847",
1134,0.50955414,"139.4614633,35.70546324",
1070,0.508474576,"139.8320084,35.66476368",
1086,0.508474576,"139.6610513,35.66186772",
1092,0.508474576,"139.6271702,35.66082868",
1135,0.508474576,"139.4988877,35.72664408",
17114,0.5082054,,"139.7184147,35.70289695"
15380,0.507131537,,"139.7227033,35.68557888"
1139,0.50686378,"139.4092385,35.70922959",
717,0.506329114,"139.5429657,35.56790765",
1072,0.506329114,"139.8144215,35.67064958",
1080,0.506329114,"139.6712381,35.68951083",
1090,0.506329114,"139.6055519,35.63169093",
1091,0.506329114,"139.601761,35.66326425",
1097,0.506329114,"139.5905576,35.73212866",
1121,0.506329114,"139.5663243,35.66351504",
1126,0.506329114,"139.5542133,35.73813701",
1136,0.506329114,"139.4610123,35.72848357",
706,0.505263158,"139.6254612,35.50514831",
1078,0.505263158,"139.6521803,35.72152248",
1100,0.505263158,"139.6880793,35.7653754",
1106,0.505263158,"139.7442217,35.74438911",
1120,0.505263158,"139.864997,35.6591891",
742,0.504201681,"139.6232513,35.60103011",
751,0.504201681,"139.5445068,35.61106981",
788,0.504201681,"139.3989001,35.5619657",
810,0.504201681,"139.5973094,35.80919914",
1065,0.504201681,"139.813673,35.69721479",
1075,0.504201681,"139.7995729,35.67318708",
1109,0.504201681,"139.8112359,35.78472475",
8841,0.503937008,,"139.7340215,35.59835554"
13425,0.503937008,,"139.7538668,35.72391625"
1129,0.503144654,"139.5199827,35.75399834",
6530,0.502354788,,"139.7302876,35.63740051"
1146,0.50209205,"139.4565402,35.57848649",
716,0.501043841,"139.5061402,35.55057047",
1117,0.501043841,"139.8693279,35.69695556",
1115,0.500521376,"139.8392082,35.74994195",
1089,0.5,"139.6607187,35.60385406",
1137,0.5,"139.4723993,35.75927471",
1151,0.5,"139.3949259,35.67172644",
1035,0.498960499,"139.6921517,35.59146391",
1153,0.498960499,"139.338942,35.68494712",
750,0.497925311,"139.5706886,35.61930453",
1103,0.497925311,"139.6688077,35.79063555",
14976,0.497667185,,"139.7352426,35.70163352"
715,0.49689441,"139.5130357,35.51594971",
1123,0.49689441,"139.5771967,35.63488352",
1069,0.495867769,"139.8359308,35.683108",
1085,0.495867769,"139.6095267,35.71886129",
1127,0.495867769,"139.5356108,35.73019027",
1140,0.495867769,"139.4089357,35.69313515",
20201,0.495100567,,"139.7884656,35.71271137"
747,0.494845361,"139.5801745,35.5825609",
1154,0.494845361,"139.3394155,35.63446915",
732,0.49382716,"139.6988564,35.52567143",
798,0.49382716,"139.7061745,35.84263013",
1068,0.49382716,"139.8304067,35.69892926",
1157,0.49382716,"139.3274935,35.65639684",
736,0.492813142,"139.6917463,35.53480131",
787,0.492813142,"139.4333536,35.52772311",
790,0.492813142,"139.3475636,35.58930738",
811,0.492813142,"139.619845,35.78931433",
812,0.492813142,"139.5591043,35.80527145",
817,0.492813142,"139.4647708,35.80122407",
1028,0.492813142,"139.7134883,35.59052764",
1098,0.492813142,"139.585516,35.75775182",
18819,0.492560287,,"139.6800175,35.67391643"
711,0.491803279,"139.5727393,35.5256335",
1099,0.491803279,"139.6310894,35.75931657",
1128,0.491803279,"139.5222183,35.78146073",
1150,0.491803279,"139.4929795,35.63292914",
1171,0.491803279,"139.6300021,35.46052475",
1152,0.491299898,"139.403683,35.65279468",
899,0.490797546,"139.918829,35.67876534",
1147,0.490797546,"139.3851262,35.59473131",
893,0.489795918,"140.039482,35.65031014",
1102,0.489795918,"139.6506132,35.77688066",
1169,0.489795918,"139.6117987,35.46351347",
1111,0.488798371,"139.769647,35.78788634",
38776,0.488549618,,"139.5615518,35.70807085"
743,0.488301119,"139.618578,35.58335776",
692,0.487804878,"139.5382646,35.39725937",
740,0.487804878,"139.6520452,35.56509359",
741,0.487804878,"139.6404892,35.58448928",
754,0.487804878,"139.511556,35.58810925",
767,0.487804878,"139.4491,35.3873245",
710,0.486815416,"139.5817189,35.55385827",
834,0.486815416,"139.8698491,35.8326155",
10628,0.486568677,,"139.7696799,35.55199857"
813,0.48582996,"139.5601211,35.77582119",
1039,0.48582996,"139.6897372,35.73287496",
1138,0.48582996,"139.400839,35.72538485",
16708,0.485093482,,"139.6917738,35.71712659"
1108,0.484848485,"139.8011804,35.74801588",
1114,0.484848485,"139.854527,35.72662459",
1119,0.484848485,"139.8970821,35.69835739",
1143,0.484848485,"139.4265412,35.75049748",
28787,0.484114977,,"139.6416671,35.6230338"
765,0.483870968,"139.469531,35.32823708",
819,0.483870968,"139.4220794,35.78889353",
1112,0.483870968,"139.8666858,35.77777795",
28428,0.483627204,,"139.6714428,35.64180982"
1056,0.482897384,"139.7658736,35.74816947",
1148,0.482897384,"139.4484397,35.64415389",
737,0.481927711,"139.6886585,35.54917358",
753,0.481927711,"139.5139517,35.61150496",
1158,0.481927711,"139.2941787,35.63310795",
1164,0.481927711,"139.279023,35.78618122",
1094,0.480961924,"139.6595186,35.75814865",
820,0.48048048,"139.3674806,35.81789711",
719,0.48,"139.6685559,35.50351952",
791,0.48,"139.3459347,35.55913417",
814,0.48,"139.5835272,35.83703685",
1033,0.48,"139.6905137,35.56424052",
1071,0.48,"139.8314344,35.63884089",
1076,0.48,"139.8011918,35.6828198",
4211,0.479281078,,"139.7790324,35.65777559"
738,0.479041916,"139.6662332,35.54618803",
796,0.479041916,"139.7179082,35.8138702",
1057,0.479041916,"139.798086,35.72266805",
1096,0.479041916,"139.6183899,35.74402599",
7217,0.478802993,,"139.6808978,35.61920867"
691,0.478087649,"139.5742719,35.46240376",
915,0.478087649,"139.9607705,35.79389251",
986,0.478087649,"139.6302403,35.88666417",
1159,0.478087649,"139.2793114,35.67541436",
11913,0.477849676,,"139.7148346,35.5625941"
782,0.47761194,"139.4602964,35.45752333",
898,0.477137177,"139.9388314,35.70068142",
1032,0.477137177,"139.7133435,35.54796544",
1118,0.477137177,"139.8847711,35.73064287",
836,0.476663357,"139.7731336,35.88214154",
19364,0.476426799,,"139.7795161,35.73804087"
904,0.476190476,"140.0516893,35.71494407",
912,0.476190476,"139.9065541,35.80811759",
921,0.476190476,"139.9673073,35.90036714",
32231,0.475954388,,"139.7025104,35.75068756"
14590,0.475482912,,"139.7314637,35.71996232"
906,0.475247525,"139.9901638,35.70307017",
910,0.475247525,"139.9843903,35.73076969",
923,0.475247525,"140.0278847,35.87731091",
996,0.475247525,"139.6478354,35.83788215",
1077,0.475247525,"139.815395,35.68444016",
6869,0.474542758,,"139.7045167,35.63454693"
10264,0.474542758,,"139.7572248,35.57975848"
26149,0.474542758,,"139.6748936,35.70599871"
783,0.4743083,"139.4501961,35.50073944",
1064,0.4743083,"139.8065515,35.70603732",
1142,0.4743083,"139.3560332,35.70771773",
1173,0.4743083,"139.6380277,35.44704104",
1034,0.473372781,"139.6745243,35.58645444",
1107,0.473372781,"139.8385353,35.77510687",
1116,0.473372781,"139.8466707,35.70243341",
777,0.472906404,"139.3440592,35.43339947",
911,0.472906404,"139.8995348,35.77323648",
22456,0.47267356,,"139.8001083,35.69497339"
33082,0.47267356,,"139.7156401,35.78123441"
46051,0.47267356,,"139.3839387,35.6240288"
693,0.472440945,"139.5508523,35.43166366",
795,0.472440945,"139.7072737,35.80257627",
830,0.472440945,"139.7867177,35.84912748",
894,0.472440945,"139.9402746,35.72761472",
913,0.472440945,"139.9239347,35.83193372",
25126,0.472208559,,"139.7995729,35.67318708"
701,0.471976401,"139.5277946,35.46065322",
902,0.471976401,"140.0166772,35.67405663",
7550,0.471744472,,"139.6892333,35.64785201"
38408,0.471744472,,"139.5604214,35.68476942"
724,0.47151277,"139.6479695,35.49371965",
786,0.47151277,"139.3928914,35.43773644",
837,0.47151277,"139.7679725,35.92052632",
920,0.47151277,"139.9738125,35.82620506",
1162,0.47151277,"139.3153234,35.76399039",
33726,0.470819029,,"139.7442217,35.74438911"
755,0.470588235,"139.476632,35.60655032",
799,0.470588235,"139.7420897,35.86220322",
993,0.470588235,"139.6492708,35.87040679",
1144,0.470127326,"139.3838793,35.75043498",
722,0.469667319,"139.6560378,35.52073535",
745,0.469667319,"139.6007048,35.60465133",
752,0.469667319,"139.5308971,35.62958969",
990,0.469667319,"139.6191592,35.85138216",
1067,0.469667319,"139.813861,35.71975672",
37314,0.469437653,,"139.864997,35.6591891"
40264,0.469437653,,"139.4664105,35.67548488"
702,0.469208211,"139.5151505,35.48872586",
9925,0.468978994,,"139.7186254,35.57677553"
22121,0.468978994,,"139.813673,35.69721479"
818,0.46875,"139.4982557,35.81177028",
838,0.46875,"139.803334,35.91741093",
892,0.46875,"140.0648446,35.63002328",
1161,0.46875,"139.3363283,35.73600741",
1184,0.46875,"139.5908369,35.4247157",
23497,0.468064359,,"139.8320084,35.66476368"
725,0.467836257,"139.6331078,35.48385735",
908,0.467836257,"139.9558399,35.71153118",
919,0.467836257,"139.9775062,35.8635168",
789,0.467380721,"139.3895161,35.51951265",
833,0.467380721,"139.8393729,35.81940049",
839,0.467380721,"139.8125254,35.87588086",
1063,0.467380721,"139.82015,35.71217015",
34549,0.467153285,,"139.8112359,35.78472475"
831,0.46692607,"139.7900611,35.8206847",
1110,0.46692607,"139.7758682,35.76415097",
696,0.466472303,"139.5448808,35.36683886",
764,0.466472303,"139.5265827,35.33599046",
24361,0.46624575,,"139.8083678,35.65666891"
708,0.466019417,"139.6125502,35.53834927",
727,0.466019417,"139.6126545,35.48153691",
821,0.465116279,"139.4819345,35.91278683",
926,0.465116279,"139.9252979,35.86798845",
1000,0.465116279,"139.6912048,35.87859421",
31889,0.464891041,,"139.6880793,35.7653754"
1141,0.464666021,"139.3821591,35.70648178",
48787,0.464441219,,"139.6300021,35.46052475"
997,0.464216634,"139.6756601,35.84958665",
1027,0.464216634,"139.7591421,35.60166381",
9157,0.463992267,,"139.7106939,35.611439"
24040,0.463992267,,"139.8144215,35.67064958"
895,0.463768116,"139.9087192,35.72820855",
896,0.463768116,"139.9156018,35.74906565",
917,0.463768116,"139.998844,35.77291836",
690,0.463320463,"139.5980343,35.45871925",
698,0.463320463,"139.5140858,35.42491423",
802,0.463320463,"139.7378956,35.82643164",
36010,0.463096961,,"139.8392082,35.74994195"
905,0.462873674,"140.029859,35.7054419",
33395,0.462650602,,"139.7356571,35.76131306"
43490,0.462650602,,"139.4649487,35.53898121"
1054,0.462427746,"139.8014049,35.73482344",
1191,0.462427746,"139.5801929,35.38025957",
806,0.461982676,"139.6898886,35.80907967",
832,0.461982676,"139.820469,35.85063848",
909,0.461982676,"140.0518759,35.75738445",
713,0.461538462,"139.5661259,35.50549086",
721,0.461538462,"139.6803914,35.52694797",
1172,0.461538462,"139.631663,35.44226483",
916,0.461095101,"139.9314831,35.77258065",
974,0.461095101,"139.5772602,35.92060729",
800,0.460652591,"139.7632373,35.83393362",
1189,0.460652591,"139.5946404,35.40134668",
930,0.46021093,"140.1207554,35.72509161",
1190,0.46021093,"139.5676947,35.40190062",
726,0.459770115,"139.6228524,35.47229081",
825,0.459770115,"139.4062636,35.86547228",
901,0.459770115,"140.0583783,35.69052951",
985,0.459770115,"139.6707518,35.91871222",
27017,0.459550024,,"139.6507129,35.68215948"
703,0.459330144,"139.4818747,35.47743863",
749,0.459330144,"139.5513062,35.59304079",
768,0.459330144,"139.4045614,35.33360942",
784,0.459330144,"139.4091837,35.48759376",
918,0.459330144,"139.9557081,35.85546061",
30154,0.459110473,,"139.6381256,35.64687005"
829,0.458891013,"139.8096585,35.82061715",
1062,0.458891013,"139.8310292,35.7175019",
907,0.458452722,"139.9807101,35.68395688",
1113,0.458452722,"139.8726048,35.74972744",
27561,0.45823389,,"139.6070025,35.69722391"
30657,0.45823389,,"139.6572866,35.73783977"
723,0.458015267,"139.6497432,35.47763721",
994,0.458015267,"139.6547354,35.88454861",
718,0.457578646,"139.6894926,35.48269846",
746,0.457142857,"139.6013232,35.57511939",
880,0.457142857,"140.1029216,35.68157186",
794,0.456707897,"139.7240318,35.79725552",
808,0.456707897,"139.6640916,35.81475049",
1174,0.456707897,"139.6467885,35.44797706",
1186,0.456707897,"139.6126393,35.32786464",
809,0.456273764,"139.6436702,35.81701717",
981,0.455840456,"139.6380561,35.90774709",
991,0.455840456,"139.6524042,35.85886296",
1185,0.455840456,"139.6320755,35.36226098",
748,0.45540797,"139.5728323,35.59929935",
861,0.45540797,"139.649473,36.07702522",
879,0.45540797,"140.0555865,35.66584084",
695,0.454976303,"139.5050044,35.38093647",
883,0.454976303,"140.1221102,35.65601562",
1166,0.454976303,"139.2938931,35.73264141",
1188,0.454545455,"139.6469563,35.36020109",
815,0.454115421,"139.5544571,35.85452243",
37850,0.453900709,,"139.5404373,35.65276807"
44529,0.453900709,,"139.4342272,35.62162696"
48300,0.453900709,,"139.6117987,35.46351347"
824,0.4536862,"139.4343557,35.92537255",
801,0.45325779,"139.7476426,35.79724491",
979,0.45325779,"139.6263747,35.90915261",
984,0.45325779,"139.6543199,35.95035052",
29341,0.453043889,,"139.6055519,35.63169093"
925,0.452830189,"139.9039617,35.84630738",
928,0.452403393,"139.8798006,35.96054673",
995,0.452403393,"139.6411201,35.84917078",
43779,0.452190297,,"139.4565402,35.57848649"
766,0.451977401,"139.4919623,35.3456325",
859,0.45112782,"139.6582516,36.01233739",
932,0.45112782,"140.1878787,35.72917322",
700,0.450704225,"139.5528726,35.4731889",
823,0.450704225,"139.4681389,35.88174277",
937,0.450704225,"140.1409763,35.8119327",
914,0.450281426,"139.9361069,35.81541854",
1160,0.450281426,"139.3492783,35.77424167",
858,0.449859419,"139.7415341,36.03012462",
1175,0.449859419,"139.648318,35.43338639",
32747,0.449648712,,"139.6688077,35.79063555"
35013,0.449648712,,"139.769647,35.78788634"
770,0.449438202,"139.3472905,35.33314023",
976,0.449438202,"139.6039502,35.92693992",
188,0.449438202,"139.5901644,35.47261608",
807,0.449017774,"139.6749567,35.80929457",
26430,0.448807854,,"139.6712381,35.68951083"
26711,0.448807854,,"139.6397615,35.70590766"
855,0.448598131,"139.5500768,36.00302051",
897,0.448598131,"139.9577669,35.75247373",
1061,0.448598131,"139.8181591,35.73293302",
1176,0.448179272,"139.6650858,35.42202442",
803,0.447761194,"139.6863737,35.82284903",
816,0.447761194,"139.5157202,35.83296195",
852,0.447761194,"139.6054332,35.9801737",
882,0.447761194,"140.1034656,35.63590857",
734,0.447343896,"139.7047754,35.51263274",
853,0.447343896,"139.5640288,35.96325069",
978,0.447343896,"139.6183793,35.94747506",
980,0.447343896,"139.6187069,35.90332934",
977,0.446927374,"139.6183429,35.93479494",
41073,0.446719404,,"139.4614633,35.70546324"
1192,0.446511628,"139.5907515,35.44813054",
22902,0.446304045,,"139.8304067,35.69892926"
40797,0.446304045,,"139.5110479,35.70104903"
1180,0.446096654,"139.6010079,35.37199473",
848,0.445682451,"139.400149,35.96358946",
34226,0.445475638,,"139.8011804,35.74801588"
36480,0.445475638,,"139.8693279,35.69695556"
842,0.445269017,"139.7606623,35.98215299",
28070,0.445062587,,"139.6610513,35.66186772"
844,0.444856348,"139.2199415,35.88824053",
940,0.444856348,"140.3530659,35.80415072",
992,0.444856348,"139.6594733,35.85350616",
1170,0.444444444,"139.6153173,35.44880289",
23172,0.444238778,,"139.8359308,35.683108"
903,0.444033302,"140.0148851,35.72391099",
922,0.444033302,"140.0371036,35.83473018",
1187,0.444033302,"139.6062104,35.34757005",
42281,0.443828017,,"139.4092385,35.70922959"
758,0.443622921,"139.6973576,35.23043166",
931,0.443622921,"140.1020059,35.75228789",
1179,0.443622921,"139.614541,35.38469281",
763,0.443213296,"139.5578064,35.31957156",
11567,0.443008768,,"139.6921517,35.59146391"
39936,0.442600277,,"139.4987436,35.66587847"
729,0.442396313,"139.7458343,35.53104838",
1156,0.442396313,"139.2252029,35.66491326",
694,0.44198895,"139.5343414,35.42073127",
699,0.44198895,"139.4879846,35.41742808",
720,0.44198895,"139.6882195,35.5053561",
840,0.44198895,"139.8609319,35.89505875",
1168,0.44198895,"139.6221012,35.45638927",
712,0.441582337,"139.5601514,35.54466958",
929,0.441582337,"140.0864065,35.70861142",
29050,0.44137931,,"139.6607187,35.60385406"
45476,0.44137931,,"139.338942,35.68494712"
805,0.441176471,"139.6983333,35.82180458",
827,0.441176471,"139.5260207,35.87522674",
942,0.441176471,"140.1327775,35.52011271",
735,0.44077135,"139.7287783,35.53038446",
871,0.44077135,"140.1092682,35.60921953",
1002,0.44077135,"139.6968685,35.94697637",
25810,0.440569068,,"139.6521803,35.72152248"
41561,0.440569068,,"139.4610123,35.72848357"
846,0.440366972,"139.2780848,35.97335758",
989,0.440366972,"139.5954103,35.86921543",
1178,0.440366972,"139.6138863,35.40923243",
29849,0.439761796,,"139.6271702,35.66082868"
49525,0.439761796,,"139.6467885,35.44797706"
890,0.43956044,"140.261835,35.53080461",
1182,0.43956044,"139.6195528,35.42967799",
40522,0.439359268,,"139.4387389,35.68629901"
850,0.43915828,"139.4151428,36.03647156",
886,0.43915828,"140.1745175,35.61978723",
36737,0.438957476,,"139.8847711,35.73064287"
704,0.438756856,"139.4990025,35.45360807",
728,0.438756856,"139.5889755,35.4913821",
757,0.438756856,"139.6765007,35.27310743",
987,0.438756856,"139.6153579,35.88586183",
44035,0.438556418,,"139.3851262,35.59473131"
707,0.438356164,"139.6011672,35.50696024",
1183,0.438356164,"139.6074597,35.43542605",
31108,0.438156093,,"139.5905576,35.73212866"
35696,0.438156093,,"139.854527,35.72662459"
41816,0.438156093,,"139.4723993,35.75927471"
857,0.437956204,"139.5034528,36.07880787",
733,0.437556974,"139.7119866,35.52700691",
924,0.437556974,"140.0949645,35.86335932",
927,0.437556974,"139.9010449,35.90317359",
826,0.43715847,"139.4437299,35.84817667",
49266,0.43695949,,"139.6380277,35.44704104"
822,0.436760692,"139.5257212,35.90417576",
9598,0.436562074,,"139.7134883,35.59052764"
268,0.436363636,"139.2867316,35.34936763",
35263,0.436165379,,"139.8666858,35.77777795"
778,0.435967302,"139.3195737,35.47868812",
29590,0.435769405,,"139.601761,35.66326425"
36986,0.435769405,,"139.8970821,35.69835739"
856,0.435571688,"139.5305053,36.02602961",
988,0.435571688,"139.6293344,35.87041477",
1001,0.435571688,"139.717378,35.89328655",
730,0.435571688,"139.7254266,35.50532165",
11099,0.43537415,,"139.6905137,35.56424052"
797,0.435176791,"139.7351654,35.79708083",
847,0.435176791,"139.3943715,35.93568771",
779,0.434782609,"139.2922594,35.41001931",
843,0.434782609,"139.7490629,35.95841423",
873,0.434782609,"140.139205,35.58993534",
828,0.43438914,"139.5061072,35.85638936",
50987,0.433996383,"139.6364026,35.30462667",
39020,0.433800271,,"139.5542133,35.73813701"
835,0.433604336,"139.7817754,35.90295314",
19820,0.433408578,,"139.798086,35.72266805"
37557,0.433408578,,"139.5663243,35.66351504"
31350,0.433017591,,"139.585516,35.75775182"
45001,0.433017591,,"139.3949259,35.67172644"
982,0.432822362,"139.6128311,35.91193351",
27258,0.43262731,,"139.6265447,35.68332672"
943,0.432432432,"140.0701806,35.47157688",
45716,0.432237731,,"139.3394155,35.63446915"
934,0.432043204,"140.1792373,35.67162872",
965,0.432043204,"140.0832768,35.89609862",
697,0.431266846,"139.5778451,35.35326503",
1165,0.431266846,"139.2223056,35.81280012",
27798,0.431073193,,"139.6095267,35.71886129"
744,0.430879713,"139.621995,35.56667209",
780,0.430879713,"139.2370814,35.37007659",
804,0.430879713,"139.6740695,35.82792475",
463,0.430879713,"139.9755486,35.94778786",
21794,0.430686406,,"139.8065515,35.70603732"
970,0.430107527,"140.1852943,35.92250619",
999,0.429722471,"139.6716384,35.87055944",
25359,0.429530201,,"139.8011918,35.6828198"
32464,0.429530201,,"139.6506132,35.77688066"
774,0.429338104,"139.1209344,35.24726885",
762,0.428954424,"139.5913244,35.29894211",
845,0.428954424,"139.3393184,35.8964452",
983,0.428954424,"139.6024778,35.9013475",
891,0.428571429,"140.0863634,35.6161539",
42511,0.428380187,,"139.4089357,35.69313515"
44759,0.428380187,,"139.4929795,35.63292914"
46388,0.428380187,,"139.3274935,35.65639684"
866,0.428189117,"139.3810604,36.1232511",
860,0.427426536,"139.6094877,36.1331156",
969,0.427426536,"140.1857655,35.97183372",
23724,0.427236315,,"139.8314344,35.63884089"
33953,0.427236315,,"139.8385353,35.77510687"
41300,0.427236315,,"139.4988877,35.72664408"
49014,0.427236315,,"139.631663,35.44226483"
889,0.427046263,"140.2099157,35.56066679",
38075,0.426477121,,"139.5771967,35.63488352"
939,0.426287744,"140.2867861,35.7868327",
936,0.425909494,"140.0601307,35.80159378",
10851,0.425720621,,"139.7133435,35.54796544"
13027,0.425720621,,"139.6897372,35.73287496"
50041,0.425720621,,"139.6650858,35.42202442"
776,0.425531915,"139.0315104,35.2322522",
881,0.425155004,"140.0882969,35.63544978",
31571,0.424966799,,"139.6310894,35.75931657"
173,0.424778761,"139.622196,35.39987651",
1181,0.424778761,"139.6238674,35.43589949",
39450,0.424590889,,"139.5222183,35.78146073"
39670,0.424590889,,"139.5199827,35.75399834"
872,0.424403183,"140.1377107,35.61056194",
998,0.424403183,"139.6861478,35.86002556",
1167,0.423280423,"139.1950951,35.73292595",
785,0.422907489,"139.4307168,35.44000687",
792,0.422907489,"139.2979084,35.58110785",
854,0.422907489,"139.6200392,35.99780222",
933,0.422907489,"140.2407947,35.6814429",
870,0.422907489,"140.1224036,35.60828301",
1163,0.422535211,"139.226359,35.7586995",
19577,0.421978022,,"139.7658736,35.74816947"
45213,0.421607378,,"139.403683,35.65279468"
714,0.4214223,"139.5371387,35.5262314",
868,0.421052632,"139.2659448,36.19825251",
39230,0.42086804,,"139.5356108,35.73019027"
865,0.420683611,"139.2142842,36.10249655",
1177,0.420683611,"139.6284277,35.41827301",
231,0.419947507,"139.7208405,35.51930562",
773,0.41958042,"139.1928401,35.29651109",
874,0.41958042,"140.1319723,35.56040573",
759,0.418848168,"139.659764,35.2516623",
878,0.418848168,"140.07295,35.65073679",
975,0.418848168,"139.5713985,35.89339994",
232,0.418482999,"139.7444432,35.4904141",
884,0.418482999,"140.1442674,35.62950845",
867,0.418118467,"139.3564965,36.17443043",
19021,0.417936439,,"139.8014049,35.73482344"
11300,0.417572858,,"139.6745243,35.58645444"
21558,0.417572858,,"139.82015,35.71217015"
44236,0.417572858,,"139.4484397,35.64415389"
864,0.417391304,"139.4700466,36.14817102",
964,0.417391304,"140.0358359,35.92217989",
30354,0.417209909,,"139.6595186,35.75814865"
349,0.417028671,"139.740255,36.07079802",
962,0.417028671,"140.1165466,36.08730063",
46587,0.41684759,,"139.2941787,35.63310795"
50842,0.416666667,"139.6410983,35.16757805",
771,0.416305291,"139.3443383,35.36790019",
51009,0.416305291,"139.1831305,35.53633931",
36207,0.416124837,,"139.8466707,35.70243341"
30853,0.4157644,,"139.6183899,35.74402599"
42012,0.4157644,,"139.400839,35.72538485"
448,0.415584416,"140.3015844,35.44980136",
1005,0.415584416,"139.6966466,35.97647271",
43029,0.415404587,,"139.4265412,35.75049748"
49818,0.415404587,,"139.648318,35.43338639"
49957,0.414866033,"139.7241936,35.538173",
961,0.414866033,"140.1050328,36.05376523",
869,0.414507772,"139.1462596,36.19926476",
168,0.414507772,"139.6616087,35.43815423",
851,0.413793103,"139.3354725,36.06342507",
888,0.413793103,"140.1696033,35.54641415",
9347,0.413614821,,"139.7591421,35.60166381"
25549,0.413614821,,"139.815395,35.68444016"
944,0.413080895,"140.1706011,35.4792124",
47468,0.412903226,,"139.279023,35.78618122"
47540,0.412725709,"139.5040986,35.93998123",
769,0.412725709,"139.3857002,35.37553723",
50701,0.412548346,,"139.614541,35.38469281"
709,0.412371134,"139.6049443,35.55988015",
781,0.412371134,"139.1930782,35.40923387",
958,0.412017167,"139.7114384,36.17378443",
761,0.412017167,"139.6006038,35.27126429",
885,0.411663808,"140.1325577,35.64046145",
953,0.411663808,"140.1872558,36.07592598",
50851,0.411311054,"139.4187199,35.36373604",
863,0.411311054,"139.5532157,36.17263566",
956,0.411311054,"140.2230621,36.01096441",
46770,0.411134904,,"139.2793114,35.67541436"
876,0.410958904,"140.1170764,35.6204892",
439,0.410607357,"139.9657206,35.36399259",
34730,0.410431808,,"139.7758682,35.76415097"
48007,0.410431808,,"139.6221012,35.45638927"
966,0.41025641,"140.1039883,35.91949867",
756,0.409906063,"139.4802949,35.577127",
35441,0.409381663,,"139.8726048,35.74972744"
50363,0.409381663,,"139.6138863,35.40923243"
793,0.409207161,"139.2038464,35.6119023",
760,0.409207161,"139.6258355,35.22943263",
946,0.408858603,"139.9091158,35.31651265",
731,0.408510638,"139.771221,35.52021498",
440,0.408163265,"139.9937402,35.43847735",
50875,0.4079898,,"139.6010079,35.37199473"
446,0.407816483,"140.3814087,35.55835709",
22627,0.406952098,,"139.813861,35.71975672"
841,0.406779661,"139.8255826,35.93642346",
48470,0.40660737,,"139.6153173,35.44880289"
50490,0.406435224,"139.2495679,35.30788946",
42834,0.406263225,,"139.3560332,35.70771773"
772,0.406091371,"139.2885674,35.31665622",
335,0.406091371,"139.8020631,35.99591947",
862,0.406091371,"139.6644348,36.16481914",
935,0.406091371,"140.2968021,35.64242351",
1003,0.406091371,"139.7275372,35.91706509",
49486,0.405405405,"139.1531414,35.60684888",
954,0.405063291,"140.1684141,36.04187123",
951,0.404380792,"140.3428213,35.51280655",
21357,0.404210526,,"139.8310292,35.7175019"
1004,0.403700589,"139.7334219,35.94533274",
47203,0.403191936,,"139.3153234,35.76399039"
945,0.40302267,"140.1530228,35.34489419",
967,0.40302267,"140.057352,35.96931672",
938,0.402347024,"140.2104446,35.78722935",
887,0.40167364,"140.233201,35.60103412",
49498,0.40167364,"138.9489562,35.96044165",
42665,0.401170079,,"139.3821591,35.70648178"
433,0.401002506,"140.3409678,35.72008699",
50514,0.400166736,,"139.622196,35.39987651"
957,0.4,"139.7576973,36.17580281",
47043,0.399500624,,"139.3363283,35.73600741"
449,0.399334443,"140.3483286,35.39126064",
43177,0.399168399,,"139.3838793,35.75043498"
849,0.399002494,"139.4841535,35.98361375",
36186,0.398340249,"139.8181478,36.04635439",
50184,0.398340249,"140.06034,35.51680439",
47821,0.398340249,"139.0554067,35.82256402",
21194,0.397845006,,"139.8181591,35.73293302"
50185,0.397845006,,"139.6284277,35.41827301"
971,0.397680199,"140.1679534,35.8661042",
875,0.397350993,"140.1602509,35.57985421",
434,0.397350993,"140.2427138,35.84423095",
968,0.397350993,"140.012103,35.99927689",
949,0.397022333,"140.4207006,35.62403175",
425,0.396694215,"140.2780873,35.72935277",
963,0.396694215,"140.1123083,35.99440834",
50344,0.396039604,"139.2990019,35.52888972",
47690,0.395876289,,"139.2938931,35.73264141"
274,0.395713108,"139.0700444,35.31009747",
51012,0.395550062,,"139.6238674,35.43589949"
49815,0.395061728,"139.913885,35.37479852",
50874,0.394736842,"140.2891426,35.25675507",
960,0.39441249,"140.0827092,36.1832944",
49996,0.393765381,"139.1247277,35.33512184",
43774,0.393120393,"139.9696136,36.03542503",
877,0.392156863,"140.1026747,35.5817889",
45462,0.392156863,"140.2243736,36.10591902",
362,0.391836735,"139.0872547,36.19524887",
50129,0.391517129,"139.6004152,35.54639471",
46894,0.391357521,,"139.3492783,35.77424167"
461,0.391198044,"140.134808,36.09524454",
947,0.391198044,"140.7751588,35.741259",
48288,0.390879479,"139.926101,35.41688813",
775,0.389926889,"139.0788658,35.16619272",
46036,0.388663968,"140.4915704,35.88804811",
959,0.38803557,"139.748425,36.10796176",
458,0.38803557,"140.0572828,36.05303625",
447,0.386784851,"140.4615324,35.68475418",
49261,0.386784851,"140.2828885,36.18270118",
49517,0.38647343,"140.3605151,36.20612458",
473,0.38647343,"140.4747052,36.07280897",
46158,0.386007238,,"139.2252029,35.66491326"
950,0.38585209,"140.230595,35.40470505",
49994,0.38585209,"139.1651595,35.33499737",
46766,0.385542169,"140.315478,36.00899823",
32715,0.385542169,"139.8214904,36.18674798",
941,0.385542169,"140.4006561,35.8454456",
456,0.385232745,"140.0576367,36.13801611",
457,0.384923817,"140.0365341,36.10644615",
462,0.384,"139.8926746,36.04565737",
36402,0.383693046,"139.3778959,36.21473415",
49623,0.383233533,,"139.6616087,35.43815423"
442,0.383080607,"140.0471572,35.25232826",
48707,0.383080607,"139.2151056,35.33613761",
36977,0.38277512,"139.8107341,36.11032436",
973,0.38277512,"140.6439185,35.96680941",
46003,0.382165605,"139.570989,36.09886025",
948,0.381861575,"140.5689109,35.82424579",
30633,0.381558029,"139.8451107,35.32057263",
50035,0.381558029,"140.050365,35.12380721",
955,0.380650278,"140.2298715,36.16199686",
451,0.380348653,"140.1908612,36.24657285",
361,0.380047506,"139.2638745,36.13302532",
47279,0.379746835,"140.6669011,35.89053183",
47552,0.378997236,,"139.2223056,35.81280012"
444,0.377952756,"139.8618129,34.97161735",
30844,0.377655389,"139.9682321,36.19928024",
49937,0.377655389,"139.5949876,35.53867911",
48708,0.377358491,"139.0451817,35.42495477",
47280,0.376914016,,"139.226359,35.7586995"
47197,0.376470588,"139.1228435,36.07847665",
47748,0.376470588,"139.1046656,35.72499797",
47762,0.375439969,,"139.1950951,35.73292595"
49995,0.375293198,"139.1306116,35.39219272",
35984,0.375293198,"140.3205374,36.09536848",
50360,0.375293198,"140.042547,35.39308963",
40777,0.37470726,"140.2675143,35.17516277",
33696,0.374414977,"140.4225863,35.93261453",
972,0.374414977,"140.279692,35.88287414",
34515,0.374123149,"139.8740285,36.11490802",
272,0.374123149,"139.1335271,35.16537687",
37552,0.372960373,"140.3981612,35.96673225",
43484,0.372960373,"140.2974198,35.91028172",
50036,0.372670807,"140.655465,35.73433234",
26123,0.371804802,"139.8937095,36.17840357",
443,0.371804802,"139.9157656,35.19704336",
50033,0.371229698,"140.0733359,35.35479861",
10612,0.37037037,"140.7623433,35.80671122",
472,0.37037037,"140.5756691,35.95250705",
49151,0.37037037,"139.5648384,35.55453805",
31075,0.369230769,"138.9291469,36.02160492",
49515,0.36838066,"140.1695062,35.14973218",
50037,0.36838066,"140.5536536,35.69987185",
471,0.367534456,"140.3103363,35.95678041",
952,0.367253252,"140.1608646,36.14087324",
1006,0.366132723,"139.7671389,35.69666092",
47801,0.365993138,,"139.0554067,35.82256402"
47826,0.362127499,,"139.1046656,35.72499797"
4675,0.36199095,"139.745831,35.66233467",
1,0.36199095,"139.7573442,35.68461018",
505,0.361173815,"139.7421047,35.68753724",
15856,0.358744395,"139.6919144,35.69497596",
5179,0.358208955,"139.7541057,35.63726412",
23478,0.358208955,"139.9552674,35.01075734",
17539,0.356877323,"139.7040923,35.66428901",
17992,0.356877323,"140.6038112,36.03999945",
27001,0.356612184,"140.6735334,35.81355667",
33358,0.355819125,"139.8868289,35.08978489",
1525,0.355029586,"139.7546978,35.67365735",
15381,0.354243542,"139.7057059,35.69732138",
2003,0.353721444,"139.7831377,35.68727357",
3396,0.352164343,"139.7748685,35.67028822",
5669,0.352164343,"139.7356411,35.65194471",
46582,0.352164343,"140.4710201,35.7570604",
7551,0.351390922,"139.7238183,35.62369142",
7986,0.351390922,"140.5265396,35.97321544",
4212,0.35113387,"139.7262117,35.67064591",
2476,0.350877193,"139.7723878,35.67994466",
20169,0.350620891,"139.9538755,36.1162723",
2938,0.349854227,"139.7658765,35.67081251",
12357,0.347322721,"139.7100207,35.72811321",
11914,0.346070656,"139.7296076,35.73495323",
40508,0.345821326,"139.881437,35.27290506",
34989,0.345821326,"139.960338,36.15074332",
20617,0.343839542,"139.7746237,35.71884476",
24362,0.343102216,"139.7906151,35.63309825",
8015,0.34261242,"139.7442541,35.61742843",
17115,0.341394026,"139.6997244,35.67870857",
43723,0.34066714,"139.2289803,35.4872452",
18024,0.340425532,"139.7113099,35.65028239",
20202,0.339222615,"139.7865782,35.70327098",
13426,0.338504937,"139.762148,35.70792469",
13838,0.338504937,"139.7441859,35.7114742",
16709,0.337078652,"139.7187147,35.70319695",
14977,0.336605891,"139.7230033,35.68587888",
8444,0.335195531,"139.7343215,35.59865554",
13028,0.335195531,"139.7541668,35.72421625",
6136,0.334494774,"139.7305876,35.63770051",
14591,0.332409972,"139.7355426,35.70193352",
19821,0.33126294,"139.7887656,35.71301137",
18444,0.330123796,"139.6803175,35.67421643",
38409,0.328317373,"139.5618518,35.70837085",
10265,0.327421555,"139.7699799,35.55229857",
16348,0.326752893,"139.6920738,35.71742659",
28429,0.326308634,"139.6419671,35.6233338",
28071,0.326086957,"139.6717428,35.64210982",
3863,0.324105334,"139.7793324,35.65807559",
6870,0.32388664,"139.6811978,35.61950867",
11568,0.323450135,"139.7151346,35.5628941",
19022,0.322797579,"139.7798161,35.73834087",
31890,0.322580645,"139.7028104,35.75098756",
14250,0.322364003,"139.7317637,35.72026232",
6531,0.32193159,"139.7048167,35.63484693",
9926,0.32193159,"139.7575248,35.58005848",
25811,0.32193159,"139.6751936,35.70629871",
22122,0.321070234,"139.8004083,35.69527339",
32748,0.321070234,"139.7159401,35.78153441",
45717,0.321070234,"139.3842387,35.6243288",
24793,0.320855615,"139.7998729,35.67348708",
7218,0.320641283,"139.6895333,35.64815201",
38076,0.320641283,"139.5607214,35.68506942",
33396,0.320213476,"139.7445217,35.74468911",
36987,0.319573901,"139.865297,35.6594891",
39937,0.319573901,"139.4667105,35.67578488",
9599,0.319361277,"139.7189254,35.57707553",
21795,0.319361277,"139.813973,35.69751479",
23173,0.318936877,"139.8323084,35.66506368",
34227,0.318513603,"139.8115359,35.78502475",
24041,0.318091451,"139.8086678,35.65696891",
31572,0.317460317,"139.6883793,35.7656754",
48471,0.317250496,"139.6303021,35.46082475",
8842,0.317040951,"139.7109939,35.611739",
23725,0.317040951,"139.8147215,35.67094958",
35697,0.316622691,"139.8395082,35.75024195",
33083,0.316413975,"139.7359571,35.76161306",
43178,0.316413975,"139.4652487,35.53928121",
26712,0.31496063,"139.6510129,35.68245948",
29850,0.314754098,"139.6384256,35.64717005",
27259,0.314341847,"139.6073025,35.69752391",
30355,0.314341847,"139.6575866,35.73813977",
37558,0.312296682,"139.5407373,35.65306807",
44237,0.312296682,"139.4345272,35.62192696",
48008,0.312296682,"139.6120987,35.46381347",
29051,0.311890838,"139.6058519,35.63199093",
43491,0.311486048,"139.4568402,35.57878649",
32465,0.310277957,"139.6691077,35.79093555",
34731,0.310277957,"139.769947,35.78818634",
26150,0.30987734,"139.6715381,35.68981083",
26431,0.30987734,"139.6400615,35.70620766",
40798,0.308880309,"139.4617633,35.70576324",
22628,0.308681672,"139.8307067,35.69922926",
40523,0.308681672,"139.5113479,35.70134903",
33954,0.308285164,"139.8014804,35.74831588",
36208,0.308285164,"139.8696279,35.69725556",
27799,0.308087291,"139.6613513,35.66216772",
22903,0.307692308,"139.8362308,35.683408",
42013,0.307495195,"139.4095385,35.70952959",
11301,0.307101727,"139.6924517,35.59176391",
39671,0.306905371,"139.4990436,35.66617847",
28788,0.306317805,"139.6610187,35.60415406",
45214,0.306317805,"139.339242,35.68524712",
25550,0.305927342,"139.6524803,35.72182248",
41301,0.305927342,"139.4613123,35.72878357",
29591,0.305537874,"139.6274702,35.66112868",
49267,0.305537874,"139.6470885,35.44827706",
40265,0.305343511,"139.4390389,35.68659901",
36481,0.305149396,"139.8850711,35.73094287",
43780,0.304955527,"139.3854262,35.59503131",
30854,0.304761905,"139.5908576,35.73242866",
35442,0.304761905,"139.854827,35.72692459",
41562,0.304761905,"139.4726993,35.75957471",
49015,0.30418251,"139.6383277,35.44734104",
9348,0.303989867,"139.7137883,35.59082764",
35014,0.303797468,"139.8669858,35.77807795",
29342,0.303605313,"139.602061,35.66356425",
36738,0.303605313,"139.8973821,35.69865739",
10852,0.303413401,"139.6908137,35.56454052",
38777,0.302648172,"139.5545133,35.73843701",
19578,0.302457467,"139.798386,35.72296805",
37315,0.302457467,"139.5666243,35.66381504",
31109,0.302267003,"139.585816,35.75805182",
44760,0.302267003,"139.3952259,35.67202644",
27018,0.302076778,"139.6268447,35.68362672",
45477,0.301886792,"139.3397155,35.63476915",
27562,0.301318267,"139.6098267,35.71916129",
21559,0.301129235,"139.8068515,35.70633732",
25127,0.300563557,"139.8014918,35.6831198",
32232,0.300563557,"139.6509132,35.77718066",
42282,0.3,"139.4092357,35.69343515",
44530,0.3,"139.4932795,35.63322914",
46159,0.3,"139.3277935,35.65669684",
23498,0.299438553,"139.8317344,35.63914089",
33727,0.299438553,"139.8388353,35.77540687",
41074,0.299438553,"139.4991877,35.72694408",
48788,0.299438553,"139.631963,35.44256483",
37851,0.299065421,"139.5774967,35.63518352",
10629,0.298693217,"139.7136435,35.54826544",
12805,0.298693217,"139.6900372,35.73317496",
49819,0.298693217,"139.6653858,35.42232442",
31351,0.298321939,"139.6313894,35.75961657",
39231,0.298136646,"139.5225183,35.78176073",
39451,0.298136646,"139.5202827,35.75429834",
19365,0.296846011,"139.7661736,35.74846947",
45002,0.296662546,"139.403983,35.65309468",
39021,0.296296296,"139.5359108,35.73049027",
18820,0.294840295,"139.8017049,35.73512344",
11100,0.2946593,"139.6748243,35.58675444",
21358,0.2946593,"139.82045,35.71247015",
44036,0.2946593,"139.4487397,35.64445389",
30155,0.294478528,"139.6598186,35.75844865",
46389,0.294297977,"139.2944787,35.63340795",
36011,0.293937538,"139.8469707,35.70273341",
30658,0.29375765,"139.6186899,35.74432599",
41817,0.29375765,"139.401139,35.72568485",
42835,0.293577982,"139.4268412,35.75079748",
49624,0.293577982,"139.648618,35.43368639",
9158,0.292682927,"139.7594421,35.60196381",
25360,0.292682927,"139.815695,35.68474016",
47281,0.292326431,"139.279323,35.78648122",
50515,0.292148509,"139.614841,35.38499281",
46588,0.29143898,"139.2796114,35.67571436",
34550,0.291085506,"139.7761682,35.76445097",
47827,0.291085506,"139.6224012,35.45668927",
35264,0.290556901,"139.8729048,35.75002744",
50186,0.290556901,"139.6141863,35.40953243",
50702,0.289855072,"139.6013079,35.37229473",
22457,0.289330922,"139.814161,35.72005672",
48301,0.289156627,"139.6156173,35.44910289",
42666,0.288982541,"139.3563332,35.70801773",
21195,0.287942412,"139.8313292,35.7178019",
47044,0.28742515,"139.3156234,35.76429039",
42512,0.286396181,"139.3824591,35.70678178",
50364,0.285884455,"139.622496,35.40017651",
46895,0.285544319,"139.3366283,35.73630741",
43030,0.285374554,"139.3841793,35.75073498",
21051,0.284697509,"139.8184591,35.73323302",
50042,0.284697509,"139.6287277,35.41857301",
47553,0.283687943,"139.2941931,35.73294141",
50876,0.283520378,"139.6241674,35.43619949",
46771,0.281359906,"139.3495783,35.77454167",
46052,0.278583865,"139.2255029,35.66521326",
49526,0.277136259,"139.6619087,35.43845423",
47469,0.274914089,"139.2226056,35.81310012",
47204,0.273816315,"139.226659,35.7589995",
47691,0.273037543,"139.1953951,35.73322595",
47763,0.2680067,"139.0557067,35.82286402",
47802,0.265927978,"139.1049656,35.72529797",
