orig/dest node,degree,ID,coordinates,eigenvector
orig_label,519,1524,"139.7668389,35.69636092",0.001040582726326743
orig_label,504,504,"139.7570442,35.68431018",0.001040582726326743
orig_label,504,5178,"139.745531,35.66203467",0.001040582726326743
orig_label,501,1005,"139.7418047,35.68723724",0.001040582726326743
orig_label,492,16347,"139.6916144,35.69467596",0.001040582726326743
orig_label,490,5668,"139.7538057,35.63696412",0.001040582726326743
orig_label,485,18023,"139.7037923,35.66398901",0.001040582726326743
orig_label,478,2002,"139.7543978,35.67335735",0.001040582726326743
orig_label,475,15855,"139.7054059,35.69702138",0.001040582726326743
orig_label,473,2475,"139.7828377,35.68697357",0.001040582726326743
orig_label,467,3862,"139.7745685,35.66998822",0.001040582726326743
orig_label,467,6135,"139.7353411,35.65164471",0.001040582726326743
orig_label,464,8014,"139.7235183,35.62339142",0.001040582726326743
orig_label,463,4674,"139.7259117,35.67034591",0.001040582726326743
orig_label,462,2937,"139.7720878,35.67964466",0.001040582726326743
orig_label,458,3395,"139.7655765,35.67051251",0.001040582726326743
orig_label,448,12804,"139.7097207,35.72781321",0.001040582726326743
orig_label,443,12356,"139.7293076,35.73465323",0.001040582726326743
orig_label,434,21050,"139.7743237,35.71854476",0.001040582726326743
orig_label,431,24792,"139.7903151,35.63279825",0.001040582726326743
orig_label,429,8443,"139.7439541,35.61712843",0.001040582726326743
orig_label,424,17538,"139.6994244,35.67840857",0.001040582726326743
orig_label,420,18443,"139.7110099,35.64998239",0.001040582726326743
orig_label,415,20616,"139.7862782,35.70297098",0.001040582726326743
orig_label,412,13837,"139.761848,35.70762469",0.001040582726326743
orig_label,412,14249,"139.7438859,35.7111742",0.001040582726326743
orig_label,406,17114,"139.7184147,35.70289695",0.001040582726326743
orig_label,404,15380,"139.7227033,35.68557888",0.001040582726326743
orig_label,398,8841,"139.7340215,35.59835554",0.001040582726326743
orig_label,398,13425,"139.7538668,35.72391625",0.001040582726326743
orig_label,395,6530,"139.7302876,35.63740051",0.001040582726326743
orig_label,386,14976,"139.7352426,35.70163352",0.001040582726326743
orig_label,381,20201,"139.7884656,35.71271137",0.001040582726326743
orig_label,376,18819,"139.6800175,35.67391643",0.001040582726326743
orig_label,368,38776,"139.5615518,35.70807085",0.001040582726326743
orig_label,364,10628,"139.7696799,35.55199857",0.001040582726326743
orig_label,361,16708,"139.6917738,35.71712659",0.001040582726326743
orig_label,359,28787,"139.6416671,35.6230338",0.001040582726326743
orig_label,358,28428,"139.6714428,35.64180982",0.001040582726326743
orig_label,349,4211,"139.7790324,35.65777559",0.001040582726326743
orig_label,348,7217,"139.6808978,35.61920867",0.001040582726326743
orig_label,346,11913,"139.7148346,35.5625941",0.001040582726326743
orig_label,343,19364,"139.7795161,35.73804087",0.001040582726326743
orig_label,342,32231,"139.7025104,35.75068756",0.001040582726326743
orig_label,341,14590,"139.7314637,35.71996232",0.001040582726326743
orig_label,339,6869,"139.7045167,35.63454693",0.001040582726326743
orig_label,339,10264,"139.7572248,35.57975848",0.001040582726326743
orig_label,339,26149,"139.6748936,35.70599871",0.001040582726326743
orig_label,335,22456,"139.8001083,35.69497339",0.001040582726326743
orig_label,335,33082,"139.7156401,35.78123441",0.001040582726326743
orig_label,335,46051,"139.3839387,35.6240288",0.001040582726326743
orig_label,334,25126,"139.7995729,35.67318708",0.001040582726326743
orig_label,333,7550,"139.6892333,35.64785201",0.001040582726326743
orig_label,333,38408,"139.5604214,35.68476942",0.001040582726326743
orig_label,331,33726,"139.7442217,35.74438911",0.001040582726326743
orig_label,328,37314,"139.864997,35.6591891",0.001040582726326743
orig_label,328,40264,"139.4664105,35.67548488",0.001040582726326743
orig_label,327,9925,"139.7186254,35.57677553",0.001040582726326743
orig_label,327,22121,"139.813673,35.69721479",0.001040582726326743
orig_label,325,23497,"139.8320084,35.66476368",0.001040582726326743
orig_label,323,34549,"139.8112359,35.78472475",0.001040582726326743
orig_label,321,24361,"139.8083678,35.65666891",0.001040582726326743
orig_label,318,31889,"139.6880793,35.7653754",0.001040582726326743
orig_label,317,48787,"139.6300021,35.46052475",0.001040582726326743
orig_label,316,9157,"139.7106939,35.611439",0.001040582726326743
orig_label,316,24040,"139.8144215,35.67064958",0.001040582726326743
orig_label,314,36010,"139.8392082,35.74994195",0.001040582726326743
orig_label,313,33395,"139.7356571,35.76131306",0.001040582726326743
orig_label,313,43490,"139.4649487,35.53898121",0.001040582726326743
orig_label,306,27017,"139.6507129,35.68215948",0.001040582726326743
orig_label,305,30154,"139.6381256,35.64687005",0.001040582726326743
orig_label,303,27561,"139.6070025,35.69722391",0.001040582726326743
orig_label,303,30657,"139.6572866,35.73783977",0.001040582726326743
orig_label,293,37850,"139.5404373,35.65276807",0.001040582726326743
orig_label,293,44529,"139.4342272,35.62162696",0.001040582726326743
orig_label,293,48300,"139.6117987,35.46351347",0.001040582726326743
orig_label,291,29341,"139.6055519,35.63169093",0.001040582726326743
orig_label,289,43779,"139.4565402,35.57848649",0.001040582726326743
orig_label,283,32747,"139.6688077,35.79063555",0.001040582726326743
orig_label,283,35013,"139.769647,35.78788634",0.001040582726326743
orig_label,281,26430,"139.6712381,35.68951083",0.001040582726326743
orig_label,281,26711,"139.6397615,35.70590766",0.001040582726326743
orig_label,276,41073,"139.4614633,35.70546324",0.001040582726326743
orig_label,275,22902,"139.8304067,35.69892926",0.001040582726326743
orig_label,275,40797,"139.5110479,35.70104903",0.001040582726326743
orig_label,273,34226,"139.8011804,35.74801588",0.001040582726326743
orig_label,273,36480,"139.8693279,35.69695556",0.001040582726326743
orig_label,272,28070,"139.6610513,35.66186772",0.001040582726326743
orig_label,270,23172,"139.8359308,35.683108",0.001040582726326743
orig_label,269,42281,"139.4092385,35.70922959",0.001040582726326743
orig_label,267,11567,"139.6921517,35.59146391",0.001040582726326743
orig_label,266,39936,"139.4987436,35.66587847",0.001040582726326743
orig_label,263,29050,"139.6607187,35.60385406",0.001040582726326743
orig_label,263,45476,"139.338942,35.68494712",0.001040582726326743
orig_label,261,25810,"139.6521803,35.72152248",0.001040582726326743
orig_label,261,41561,"139.4610123,35.72848357",0.001040582726326743
orig_label,259,29849,"139.6271702,35.66082868",0.001040582726326743
orig_label,259,49525,"139.6467885,35.44797706",0.001040582726326743
orig_label,258,40522,"139.4387389,35.68629901",0.001040582726326743
orig_label,257,36737,"139.8847711,35.73064287",0.001040582726326743
orig_label,256,44035,"139.3851262,35.59473131",0.001040582726326743
orig_label,255,31108,"139.5905576,35.73212866",0.001040582726326743
orig_label,255,35696,"139.854527,35.72662459",0.001040582726326743
orig_label,255,41816,"139.4723993,35.75927471",0.001040582726326743
orig_label,252,49266,"139.6380277,35.44704104",0.001040582726326743
orig_label,251,9598,"139.7134883,35.59052764",0.001040582726326743
orig_label,250,35263,"139.8666858,35.77777795",0.001040582726326743
orig_label,249,29590,"139.601761,35.66326425",0.001040582726326743
orig_label,249,36986,"139.8970821,35.69835739",0.001040582726326743
orig_label,248,11099,"139.6905137,35.56424052",0.001040582726326743
orig_label,244,39020,"139.5542133,35.73813701",0.001040582726326743
orig_label,243,19820,"139.798086,35.72266805",0.001040582726326743
orig_label,243,37557,"139.5663243,35.66351504",0.001040582726326743
orig_label,242,31350,"139.585516,35.75775182",0.001040582726326743
orig_label,242,45001,"139.3949259,35.67172644",0.001040582726326743
orig_label,241,27258,"139.6265447,35.68332672",0.001040582726326743
orig_label,240,45716,"139.3394155,35.63446915",0.001040582726326743
orig_label,237,27798,"139.6095267,35.71886129",0.001040582726326743
orig_label,236,21794,"139.8065515,35.70603732",0.001040582726326743
orig_label,233,25359,"139.8011918,35.6828198",0.001040582726326743
orig_label,233,32464,"139.6506132,35.77688066",0.001040582726326743
orig_label,230,42511,"139.4089357,35.69313515",0.001040582726326743
orig_label,230,44759,"139.4929795,35.63292914",0.001040582726326743
orig_label,230,46388,"139.3274935,35.65639684",0.001040582726326743
orig_label,227,23724,"139.8314344,35.63884089",0.001040582726326743
orig_label,227,33953,"139.8385353,35.77510687",0.001040582726326743
orig_label,227,41300,"139.4988877,35.72664408",0.001040582726326743
orig_label,227,49014,"139.631663,35.44226483",0.001040582726326743
orig_label,225,38075,"139.5771967,35.63488352",0.001040582726326743
orig_label,223,10851,"139.7133435,35.54796544",0.001040582726326743
orig_label,223,13027,"139.6897372,35.73287496",0.001040582726326743
orig_label,223,50041,"139.6650858,35.42202442",0.001040582726326743
orig_label,221,31571,"139.6310894,35.75931657",0.001040582726326743
orig_label,220,39450,"139.5222183,35.78146073",0.001040582726326743
orig_label,220,39670,"139.5199827,35.75399834",0.001040582726326743
orig_label,213,19577,"139.7658736,35.74816947",0.001040582726326743
orig_label,212,45213,"139.403683,35.65279468",0.001040582726326743
orig_label,210,39230,"139.5356108,35.73019027",0.001040582726326743
orig_label,202,19021,"139.8014049,35.73482344",0.001040582726326743
orig_label,201,11300,"139.6745243,35.58645444",0.001040582726326743
orig_label,201,21558,"139.82015,35.71217015",0.001040582726326743
orig_label,201,44236,"139.4484397,35.64415389",0.001040582726326743
orig_label,200,30354,"139.6595186,35.75814865",0.001040582726326743
orig_label,199,46587,"139.2941787,35.63310795",0.001040582726326743
orig_label,197,36207,"139.8466707,35.70243341",0.001040582726326743
orig_label,196,30853,"139.6183899,35.74402599",0.001040582726326743
orig_label,196,42012,"139.400839,35.72538485",0.001040582726326743
orig_label,195,43029,"139.4265412,35.75049748",0.001040582726326743
orig_label,195,49818,"139.648318,35.43338639",0.001040582726326743
orig_label,190,9347,"139.7591421,35.60166381",0.001040582726326743
orig_label,190,25549,"139.815395,35.68444016",0.001040582726326743
orig_label,188,47468,"139.279023,35.78618122",0.001040582726326743
orig_label,187,50701,"139.614541,35.38469281",0.001040582726326743
orig_label,183,46770,"139.2793114,35.67541436",0.001040582726326743
orig_label,181,34730,"139.7758682,35.76415097",0.001040582726326743
orig_label,181,48007,"139.6221012,35.45638927",0.001040582726326743
orig_label,178,35441,"139.8726048,35.74972744",0.001040582726326743
orig_label,178,50363,"139.6138863,35.40923243",0.001040582726326743
dest_label,176,507,"139.7668389,35.69636092",0.18418300635608748
dest_label,176,1047,"139.6916144,35.69467596",0.18418300635608748
dest_label,175,1016,"139.745531,35.66203467",0.1831424284675987
dest_label,174,1017,"139.7538057,35.63696412",0.18210185057910994
dest_label,174,1051,"139.7037923,35.66398901",0.18210185057910994
orig_label,174,50875,"139.6010079,35.37199473",0.001040582726326743
dest_label,173,1007,"139.7570442,35.68431018",0.18106127269062117
dest_label,173,1008,"139.7418047,35.68723724",0.18106127269062117
dest_label,172,1009,"139.7543978,35.67335735",0.1800206948021324
dest_label,171,1010,"139.7828377,35.68697357",0.17898011691364363
orig_label,171,22627,"139.813861,35.71975672",0.001040582726326743
dest_label,170,1011,"139.7720878,35.67964466",0.17793953902515486
dest_label,170,1018,"139.7353411,35.65164471",0.17793953902515486
dest_label,170,1023,"139.7235183,35.62339142",0.17793953902515486
dest_label,170,1046,"139.7054059,35.69702138",0.17793953902515486
dest_label,170,1052,"139.7110099,35.64998239",0.17793953902515486
dest_label,170,1074,"139.7903151,35.63279825",0.17793953902515486
orig_label,170,48470,"139.6153173,35.44880289",0.001040582726326743
dest_label,169,1013,"139.7745685,35.66998822",0.1768989611366661
dest_label,169,1015,"139.7259117,35.67034591",0.1768989611366661
dest_label,169,1038,"139.7097207,35.72781321",0.1768989611366661
orig_label,169,42834,"139.3560332,35.70771773",0.001040582726326743
dest_label,168,1012,"139.7655765,35.67051251",0.17585838324817732
dest_label,167,1045,"139.7227033,35.68557888",0.17481780535968855
dest_label,167,1050,"139.6994244,35.67840857",0.17481780535968855
dest_label,166,1024,"139.7439541,35.61712843",0.17377722747119978
dest_label,166,1037,"139.7293076,35.73465323",0.17377722747119978
dest_label,166,1125,"139.5615518,35.70807085",0.17377722747119978
dest_label,165,1041,"139.761848,35.70762469",0.172736649582711
dest_label,165,1049,"139.7184147,35.70289695",0.172736649582711
dest_label,164,900,"139.9020224,35.64286339",0.17169607169422224
dest_label,164,1053,"139.6800175,35.67391643",0.17169607169422224
dest_label,163,1042,"139.7438859,35.7111742",0.17065549380573347
dest_label,163,1060,"139.7743237,35.71854476",0.17065549380573347
orig_label,163,21357,"139.8310292,35.7175019",0.001040582726326743
dest_label,162,1019,"139.7302876,35.63740051",0.1696149159172447
dest_label,161,1124,"139.5604214,35.68476942",0.16857433802875593
dest_label,160,1040,"139.7538668,35.72391625",0.16753376014026716
orig_label,160,47203,"139.3153234,35.76399039",0.001040582726326743
dest_label,159,1025,"139.7340215,35.59835554",0.1664931822517784
dest_label,159,1044,"139.7352426,35.70163352",0.1664931822517784
dest_label,159,1081,"139.6397615,35.70590766",0.1664931822517784
dest_label,159,1084,"139.6070025,35.69722391",0.1664931822517784
dest_label,159,1088,"139.6416671,35.6230338",0.1664931822517784
dest_label,158,1131,"139.4664105,35.67548488",0.16545260436328962
dest_label,158,1145,"139.4649487,35.53898121",0.16545260436328962
dest_label,157,1014,"139.7790324,35.65777559",0.16441202647480085
dest_label,157,1048,"139.6917738,35.71712659",0.16441202647480085
dest_label,157,1079,"139.6748936,35.70599871",0.16441202647480085
dest_label,157,1122,"139.5404373,35.65276807",0.16441202647480085
dest_label,156,1155,"139.3839387,35.6240288",0.16337144858631208
dest_label,155,1020,"139.7045167,35.63454693",0.16233087069782332
dest_label,155,1036,"139.7148346,35.5625941",0.16233087069782332
dest_label,154,1022,"139.6892333,35.64785201",0.16129029280933455
dest_label,154,1029,"139.7186254,35.57677553",0.16129029280933455
dest_label,154,1059,"139.7862782,35.70297098",0.16129029280933455
orig_label,154,42665,"139.3821591,35.70648178",0.001040582726326743
dest_label,153,1058,"139.7884656,35.71271137",0.16024971492084578
dest_label,153,1082,"139.6507129,35.68215948",0.16024971492084578
dest_label,153,1087,"139.6714428,35.64180982",0.16024971492084578
dest_label,153,1133,"139.5110479,35.70104903",0.16024971492084578
dest_label,152,1021,"139.6808978,35.61920867",0.159209137032357
dest_label,152,1043,"139.7314637,35.71996232",0.159209137032357
dest_label,151,1031,"139.7696799,35.55199857",0.15816855914386824
orig_label,151,50514,"139.622196,35.39987651",0.001040582726326743
dest_label,150,705,"139.6365633,35.53949007",0.15712798125537947
dest_label,150,1093,"139.6381256,35.64687005",0.15712798125537947
dest_label,149,1030,"139.7572248,35.57975848",0.1560874033668907
dest_label,149,1105,"139.7356571,35.76131306",0.1560874033668907
orig_label,149,47043,"139.3363283,35.73600741",0.001040582726326743
dest_label,148,1101,"139.7025104,35.75068756",0.15504682547840193
orig_label,148,43177,"139.3838793,35.75043498",0.001040582726326743
dest_label,147,1149,"139.4342272,35.62162696",0.15400624758991316
dest_label,146,1026,"139.7106939,35.611439",0.1529656697014244
dest_label,146,1066,"139.8001083,35.69497339",0.1529656697014244
dest_label,146,1083,"139.6265447,35.68332672",0.1529656697014244
dest_label,146,1095,"139.6572866,35.73783977",0.1529656697014244
dest_label,145,1055,"139.7795161,35.73804087",0.15192509181293562
dest_label,145,1132,"139.4387389,35.68629901",0.15192509181293562
dest_label,144,739,"139.6662313,35.57313865",0.15088451392444685
dest_label,144,1073,"139.8083678,35.65666891",0.15088451392444685
dest_label,144,1104,"139.7156401,35.78123441",0.15088451392444685
dest_label,144,1130,"139.4987436,35.66587847",0.15088451392444685
dest_label,144,1134,"139.4614633,35.70546324",0.15088451392444685
orig_label,144,21194,"139.8181591,35.73293302",0.001040582726326743
orig_label,144,50185,"139.6284277,35.41827301",0.001040582726326743
dest_label,143,1070,"139.8320084,35.66476368",0.14984393603595808
dest_label,143,1086,"139.6610513,35.66186772",0.14984393603595808
dest_label,143,1092,"139.6271702,35.66082868",0.14984393603595808
dest_label,143,1135,"139.4988877,35.72664408",0.14984393603595808
dest_label,142,1139,"139.4092385,35.70922959",0.1488033581474693
dest_label,141,717,"139.5429657,35.56790765",0.14776278025898054
dest_label,141,1072,"139.8144215,35.67064958",0.14776278025898054
dest_label,141,1080,"139.6712381,35.68951083",0.14776278025898054
dest_label,141,1090,"139.6055519,35.63169093",0.14776278025898054
dest_label,141,1091,"139.601761,35.66326425",0.14776278025898054
dest_label,141,1097,"139.5905576,35.73212866",0.14776278025898054
dest_label,141,1121,"139.5663243,35.66351504",0.14776278025898054
dest_label,141,1126,"139.5542133,35.73813701",0.14776278025898054
dest_label,141,1136,"139.4610123,35.72848357",0.14776278025898054
dest_label,140,706,"139.6254612,35.50514831",0.14672220237049177
dest_label,140,1078,"139.6521803,35.72152248",0.14672220237049177
dest_label,140,1100,"139.6880793,35.7653754",0.14672220237049177
dest_label,140,1106,"139.7442217,35.74438911",0.14672220237049177
dest_label,140,1120,"139.864997,35.6591891",0.14672220237049177
dest_label,139,742,"139.6232513,35.60103011",0.145681624482003
dest_label,139,751,"139.5445068,35.61106981",0.145681624482003
dest_label,139,788,"139.3989001,35.5619657",0.145681624482003
dest_label,139,810,"139.5973094,35.80919914",0.145681624482003
dest_label,139,1065,"139.813673,35.69721479",0.145681624482003
dest_label,139,1075,"139.7995729,35.67318708",0.145681624482003
dest_label,139,1109,"139.8112359,35.78472475",0.145681624482003
dest_label,138,1129,"139.5199827,35.75399834",0.14464104659351423
orig_label,138,47690,"139.2938931,35.73264141",0.001040582726326743
dest_label,137,1146,"139.4565402,35.57848649",0.14360046870502546
orig_label,137,51012,"139.6238674,35.43589949",0.001040582726326743
dest_label,136,716,"139.5061402,35.55057047",0.1425598908165367
dest_label,136,1115,"139.8392082,35.74994195",0.1425598908165367
dest_label,136,1117,"139.8693279,35.69695556",0.1425598908165367
dest_label,135,1089,"139.6607187,35.60385406",0.14151931292804792
dest_label,135,1137,"139.4723993,35.75927471",0.14151931292804792
dest_label,135,1151,"139.3949259,35.67172644",0.14151931292804792
dest_label,134,1035,"139.6921517,35.59146391",0.14047873503955915
dest_label,134,1153,"139.338942,35.68494712",0.14047873503955915
dest_label,133,750,"139.5706886,35.61930453",0.13943815715107039
dest_label,133,1103,"139.6688077,35.79063555",0.13943815715107039
dest_label,132,715,"139.5130357,35.51594971",0.13839757926258162
dest_label,132,1123,"139.5771967,35.63488352",0.13839757926258162
dest_label,131,1069,"139.8359308,35.683108",0.13735700137409285
dest_label,131,1085,"139.6095267,35.71886129",0.13735700137409285
dest_label,131,1127,"139.5356108,35.73019027",0.13735700137409285
dest_label,131,1140,"139.4089357,35.69313515",0.13735700137409285
dest_label,130,747,"139.5801745,35.5825609",0.13631642348560408
dest_label,130,1154,"139.3394155,35.63446915",0.13631642348560408
dest_label,129,732,"139.6988564,35.52567143",0.1352758455971153
dest_label,129,798,"139.7061745,35.84263013",0.1352758455971153
dest_label,129,1068,"139.8304067,35.69892926",0.1352758455971153
dest_label,129,1157,"139.3274935,35.65639684",0.1352758455971153
dest_label,128,736,"139.6917463,35.53480131",0.13423526770862654
dest_label,128,787,"139.4333536,35.52772311",0.13423526770862654
dest_label,128,790,"139.3475636,35.58930738",0.13423526770862654
dest_label,128,811,"139.619845,35.78931433",0.13423526770862654
dest_label,128,812,"139.5591043,35.80527145",0.13423526770862654
dest_label,128,817,"139.4647708,35.80122407",0.13423526770862654
dest_label,128,1028,"139.7134883,35.59052764",0.13423526770862654
dest_label,128,1098,"139.585516,35.75775182",0.13423526770862654
dest_label,127,711,"139.5727393,35.5256335",0.13319468982013777
dest_label,127,1099,"139.6310894,35.75931657",0.13319468982013777
dest_label,127,1128,"139.5222183,35.78146073",0.13319468982013777
dest_label,127,1150,"139.4929795,35.63292914",0.13319468982013777
dest_label,127,1152,"139.403683,35.65279468",0.13319468982013777
dest_label,127,1171,"139.6300021,35.46052475",0.13319468982013777
dest_label,126,899,"139.918829,35.67876534",0.132154111931649
dest_label,126,1147,"139.3851262,35.59473131",0.132154111931649
dest_label,125,893,"140.039482,35.65031014",0.13111353404316023
dest_label,125,1102,"139.6506132,35.77688066",0.13111353404316023
dest_label,125,1169,"139.6117987,35.46351347",0.13111353404316023
dest_label,124,743,"139.618578,35.58335776",0.13007295615467146
dest_label,124,1111,"139.769647,35.78788634",0.13007295615467146
orig_label,124,46894,"139.3492783,35.77424167",0.001040582726326743
dest_label,123,692,"139.5382646,35.39725937",0.1290323782661827
dest_label,123,740,"139.6520452,35.56509359",0.1290323782661827
dest_label,123,741,"139.6404892,35.58448928",0.1290323782661827
dest_label,123,754,"139.511556,35.58810925",0.1290323782661827
dest_label,123,767,"139.4491,35.3873245",0.1290323782661827
dest_label,122,710,"139.5817189,35.55385827",0.12799180037769392
dest_label,122,834,"139.8698491,35.8326155",0.12799180037769392
dest_label,121,813,"139.5601211,35.77582119",0.12695122248920515
dest_label,121,1039,"139.6897372,35.73287496",0.12695122248920515
dest_label,121,1138,"139.400839,35.72538485",0.12695122248920515
dest_label,120,1108,"139.8011804,35.74801588",0.12591064460071638
dest_label,120,1114,"139.854527,35.72662459",0.12591064460071638
dest_label,120,1119,"139.8970821,35.69835739",0.12591064460071638
dest_label,120,1143,"139.4265412,35.75049748",0.12591064460071638
dest_label,119,765,"139.469531,35.32823708",0.12487005926164703
dest_label,119,819,"139.4220794,35.78889353",0.12487005926164703
dest_label,119,1112,"139.8666858,35.77777795",0.12487005926164703
dest_label,118,1056,"139.7658736,35.74816947",0.12382947392257766
dest_label,118,1148,"139.4484397,35.64415389",0.12382947392257766
dest_label,117,737,"139.6886585,35.54917358",0.1227888885835083
dest_label,117,753,"139.5139517,35.61150496",0.1227888885835083
dest_label,117,1158,"139.2941787,35.63310795",0.1227888885835083
dest_label,117,1164,"139.279023,35.78618122",0.1227888885835083
dest_label,116,791,"139.3459347,35.55913417",0.12174830324443893
dest_label,116,820,"139.3674806,35.81789711",0.12174830324443893
dest_label,116,1094,"139.6595186,35.75814865",0.12174830324443893
dest_label,115,719,"139.6685559,35.50351952",0.12070771790536956
dest_label,115,814,"139.5835272,35.83703685",0.12070771790536956
dest_label,115,1033,"139.6905137,35.56424052",0.12070771790536956
dest_label,115,1071,"139.8314344,35.63884089",0.12070771790536956
dest_label,115,1076,"139.8011918,35.6828198",0.12070771790536956
dest_label,114,738,"139.6662332,35.54618803",0.1196671325663002
dest_label,114,796,"139.7179082,35.8138702",0.1196671325663002
dest_label,114,1057,"139.798086,35.72266805",0.1196671325663002
dest_label,114,1096,"139.6183899,35.74402599",0.1196671325663002
dest_label,113,691,"139.5742719,35.46240376",0.11862654722723083
dest_label,113,782,"139.4602964,35.45752333",0.11862654722723083
dest_label,113,915,"139.9607705,35.79389251",0.11862654722723083
dest_label,113,986,"139.6302403,35.88666417",0.11862654722723083
dest_label,113,1159,"139.2793114,35.67541436",0.11862654722723083
dest_label,112,836,"139.7731336,35.88214154",0.11758596188816146
dest_label,112,898,"139.9388314,35.70068142",0.11758596188816146
dest_label,112,1032,"139.7133435,35.54796544",0.11758596188816146
dest_label,112,1118,"139.8847711,35.73064287",0.11758596188816146
dest_label,111,904,"140.0516893,35.71494407",0.1165453765490921
dest_label,111,912,"139.9065541,35.80811759",0.1165453765490921
dest_label,111,921,"139.9673073,35.90036714",0.1165453765490921
dest_label,110,906,"139.9901638,35.70307017",0.11550479121002273
dest_label,110,910,"139.9843903,35.73076969",0.11550479121002273
dest_label,110,923,"140.0278847,35.87731091",0.11550479121002273
dest_label,110,996,"139.6478354,35.83788215",0.11550479121002273
dest_label,110,1077,"139.815395,35.68444016",0.11550479121002273
dest_label,109,783,"139.4501961,35.50073944",0.11446420587095336
dest_label,109,1064,"139.8065515,35.70603732",0.11446420587095336
dest_label,109,1142,"139.3560332,35.70771773",0.11446420587095336
dest_label,109,1173,"139.6380277,35.44704104",0.11446420587095336
dest_label,108,777,"139.3440592,35.43339947",0.113423620531884
dest_label,108,911,"139.8995348,35.77323648",0.113423620531884
dest_label,108,1034,"139.6745243,35.58645444",0.113423620531884
dest_label,108,1107,"139.8385353,35.77510687",0.113423620531884
dest_label,108,1116,"139.8466707,35.70243341",0.113423620531884
dest_label,107,693,"139.5508523,35.43166366",0.11238303519281463
dest_label,107,701,"139.5277946,35.46065322",0.11238303519281463
dest_label,107,795,"139.7072737,35.80257627",0.11238303519281463
dest_label,107,830,"139.7867177,35.84912748",0.11238303519281463
dest_label,107,894,"139.9402746,35.72761472",0.11238303519281463
dest_label,107,902,"140.0166772,35.67405663",0.11238303519281463
dest_label,107,913,"139.9239347,35.83193372",0.11238303519281463
dest_label,107,1162,"139.3153234,35.76399039",0.11238303519281463
orig_label,107,46158,"139.2252029,35.66491326",0.001040582726326743
dest_label,106,724,"139.6479695,35.49371965",0.11134244985374527
dest_label,106,786,"139.3928914,35.43773644",0.11134244985374527
dest_label,106,837,"139.7679725,35.92052632",0.11134244985374527
dest_label,106,920,"139.9738125,35.82620506",0.11134244985374527
dest_label,105,755,"139.476632,35.60655032",0.1103018645146759
dest_label,105,799,"139.7420897,35.86220322",0.1103018645146759
dest_label,105,993,"139.6492708,35.87040679",0.1103018645146759
dest_label,105,1144,"139.3838793,35.75043498",0.1103018645146759
dest_label,104,702,"139.5151505,35.48872586",0.10926127917560653
dest_label,104,722,"139.6560378,35.52073535",0.10926127917560653
dest_label,104,745,"139.6007048,35.60465133",0.10926127917560653
dest_label,104,752,"139.5308971,35.62958969",0.10926127917560653
dest_label,104,990,"139.6191592,35.85138216",0.10926127917560653
dest_label,104,1067,"139.813861,35.71975672",0.10926127917560653
dest_label,104,1161,"139.3363283,35.73600741",0.10926127917560653
dest_label,103,818,"139.4982557,35.81177028",0.10822069383653717
dest_label,103,838,"139.803334,35.91741093",0.10822069383653717
dest_label,103,892,"140.0648446,35.63002328",0.10822069383653717
dest_label,103,1184,"139.5908369,35.4247157",0.10822069383653717
dest_label,102,725,"139.6331078,35.48385735",0.1071801084974678
dest_label,102,789,"139.3895161,35.51951265",0.1071801084974678
dest_label,102,833,"139.8393729,35.81940049",0.1071801084974678
dest_label,102,839,"139.8125254,35.87588086",0.1071801084974678
dest_label,102,908,"139.9558399,35.71153118",0.1071801084974678
dest_label,102,919,"139.9775062,35.8635168",0.1071801084974678
dest_label,102,1063,"139.82015,35.71217015",0.1071801084974678
dest_label,101,696,"139.5448808,35.36683886",0.10613952315839843
dest_label,101,764,"139.5265827,35.33599046",0.10613952315839843
dest_label,101,831,"139.7900611,35.8206847",0.10613952315839843
dest_label,101,1110,"139.7758682,35.76415097",0.10613952315839843
dest_label,100,708,"139.6125502,35.53834927",0.10509893781932907
dest_label,100,727,"139.6126545,35.48153691",0.10509893781932907
dest_label,100,821,"139.4819345,35.91278683",0.10509893781932907
dest_label,99,926,"139.9252979,35.86798845",0.1040583524802597
dest_label,99,1000,"139.6912048,35.87859421",0.1040583524802597
dest_label,99,1141,"139.3821591,35.70648178",0.1040583524802597
dest_label,98,895,"139.9087192,35.72820855",0.10301776714119033
dest_label,98,896,"139.9156018,35.74906565",0.10301776714119033
dest_label,98,917,"139.998844,35.77291836",0.10301776714119033
dest_label,98,997,"139.6756601,35.84958665",0.10301776714119033
dest_label,98,1027,"139.7591421,35.60166381",0.10301776714119033
orig_label,98,49623,"139.6616087,35.43815423",0.001040582726326743
dest_label,97,690,"139.5980343,35.45871925",0.10197718180212097
dest_label,97,698,"139.5140858,35.42491423",0.10197718180212097
dest_label,97,802,"139.7378956,35.82643164",0.10197718180212097
dest_label,97,905,"140.029859,35.7054419",0.10197718180212097
dest_label,96,806,"139.6898886,35.80907967",0.1009365964630516
dest_label,96,832,"139.820469,35.85063848",0.1009365964630516
dest_label,96,909,"140.0518759,35.75738445",0.1009365964630516
dest_label,96,1054,"139.8014049,35.73482344",0.1009365964630516
dest_label,96,1172,"139.631663,35.44226483",0.1009365964630516
dest_label,96,1191,"139.5801929,35.38025957",0.1009365964630516
dest_label,95,713,"139.5661259,35.50549086",0.09989601112398223
dest_label,95,721,"139.6803914,35.52694797",0.09989601112398223
dest_label,95,916,"139.9314831,35.77258065",0.09989601112398223
dest_label,95,974,"139.5772602,35.92060729",0.09989601112398223
dest_label,94,800,"139.7632373,35.83393362",0.09885542578491287
dest_label,94,930,"140.1207554,35.72509161",0.09885542578491287
dest_label,94,1189,"139.5946404,35.40134668",0.09885542578491287
dest_label,94,1190,"139.5676947,35.40190062",0.09885542578491287
dest_label,93,703,"139.4818747,35.47743863",0.0978148404458435
dest_label,93,726,"139.6228524,35.47229081",0.0978148404458435
dest_label,93,749,"139.5513062,35.59304079",0.0978148404458435
dest_label,93,768,"139.4045614,35.33360942",0.0978148404458435
dest_label,93,784,"139.4091837,35.48759376",0.0978148404458435
dest_label,93,825,"139.4062636,35.86547228",0.0978148404458435
dest_label,93,901,"140.0583783,35.69052951",0.0978148404458435
dest_label,93,918,"139.9557081,35.85546061",0.0978148404458435
dest_label,93,985,"139.6707518,35.91871222",0.0978148404458435
dest_label,92,829,"139.8096585,35.82061715",0.09677425510677413
dest_label,92,907,"139.9807101,35.68395688",0.09677425510677413
dest_label,92,994,"139.6547354,35.88454861",0.09677425510677413
dest_label,92,1062,"139.8310292,35.7175019",0.09677425510677413
dest_label,92,1113,"139.8726048,35.74972744",0.09677425510677413
dest_label,91,723,"139.6497432,35.47763721",0.09573366976770477
dest_label,91,1174,"139.6467885,35.44797706",0.09573366976770477
dest_label,91,718,"139.6894926,35.48269846",0.09573366976770477
dest_label,90,746,"139.6013232,35.57511939",0.0946930844286354
dest_label,90,794,"139.7240318,35.79725552",0.0946930844286354
dest_label,90,808,"139.6640916,35.81475049",0.0946930844286354
dest_label,90,880,"140.1029216,35.68157186",0.0946930844286354
dest_label,90,1186,"139.6126393,35.32786464",0.0946930844286354
dest_label,89,809,"139.6436702,35.81701717",0.09365249908956604
dest_label,89,861,"139.649473,36.07702522",0.09365249908956604
dest_label,89,981,"139.6380561,35.90774709",0.09365249908956604
dest_label,89,991,"139.6524042,35.85886296",0.09365249908956604
dest_label,89,1166,"139.2938931,35.73264141",0.09365249908956604
dest_label,89,1185,"139.6320755,35.36226098",0.09365249908956604
dest_label,88,695,"139.5050044,35.38093647",0.09261191375049667
dest_label,88,748,"139.5728323,35.59929935",0.09261191375049667
dest_label,88,879,"140.0555865,35.66584084",0.09261191375049667
dest_label,88,883,"140.1221102,35.65601562",0.09261191375049667
dest_label,88,1188,"139.6469563,35.36020109",0.09261191375049667
dest_label,87,815,"139.5544571,35.85452243",0.0915713284114273
dest_label,87,824,"139.4343557,35.92537255",0.0915713284114273
dest_label,86,801,"139.7476426,35.79724491",0.09053074307235794
dest_label,86,979,"139.6263747,35.90915261",0.09053074307235794
dest_label,86,984,"139.6543199,35.95035052",0.09053074307235794
dest_label,85,925,"139.9039617,35.84630738",0.08949015773328857
dest_label,85,928,"139.8798006,35.96054673",0.08949015773328857
dest_label,85,995,"139.6411201,35.84917078",0.08949015773328857
dest_label,84,766,"139.4919623,35.3456325",0.0884495723942192
dest_label,84,823,"139.4681389,35.88174277",0.0884495723942192
orig_label,84,47552,"139.2223056,35.81280012",0.001040582726326743
dest_label,83,700,"139.5528726,35.4731889",0.08740898705514984
dest_label,83,859,"139.6582516,36.01233739",0.08740898705514984
dest_label,83,932,"140.1878787,35.72917322",0.08740898705514984
dest_label,83,937,"140.1409763,35.8119327",0.08740898705514984
dest_label,83,1160,"139.3492783,35.77424167",0.08740898705514984
dest_label,83,1175,"139.648318,35.43338639",0.08740898705514984
dest_label,82,858,"139.7415341,36.03012462",0.08636840171608047
dest_label,82,914,"139.9361069,35.81541854",0.08636840171608047
dest_label,81,770,"139.3472905,35.33314023",0.0853278163770111
dest_label,81,807,"139.6749567,35.80929457",0.0853278163770111
dest_label,81,816,"139.5157202,35.83296195",0.0853278163770111
dest_label,81,976,"139.6039502,35.92693992",0.0853278163770111
dest_label,81,188,"139.5901644,35.47261608",0.0853278163770111
dest_label,80,855,"139.5500768,36.00302051",0.08428723103794174
dest_label,80,897,"139.9577669,35.75247373",0.08428723103794174
dest_label,80,1061,"139.8181591,35.73293302",0.08428723103794174
dest_label,80,1176,"139.6650858,35.42202442",0.08428723103794174
dest_label,79,734,"139.7047754,35.51263274",0.08324664569887237
dest_label,79,803,"139.6863737,35.82284903",0.08324664569887237
dest_label,79,852,"139.6054332,35.9801737",0.08324664569887237
dest_label,79,853,"139.5640288,35.96325069",0.08324664569887237
dest_label,79,882,"140.1034656,35.63590857",0.08324664569887237
dest_label,79,978,"139.6183793,35.94747506",0.08324664569887237
dest_label,79,980,"139.6187069,35.90332934",0.08324664569887237
dest_label,79,1192,"139.5907515,35.44813054",0.08324664569887237
dest_label,78,848,"139.400149,35.96358946",0.082206060359803
dest_label,78,977,"139.6183429,35.93479494",0.082206060359803
dest_label,78,1180,"139.6010079,35.37199473",0.082206060359803
dest_label,77,842,"139.7606623,35.98215299",0.08116547502073364
dest_label,77,844,"139.2199415,35.88824053",0.08116547502073364
dest_label,77,940,"140.3530659,35.80415072",0.08116547502073364
orig_label,77,47280,"139.226359,35.7586995",0.001040582726326743
dest_label,76,992,"139.6594733,35.85350616",0.08012488968166427
dest_label,76,1170,"139.6153173,35.44880289",0.08012488968166427
dest_label,75,758,"139.6973576,35.23043166",0.0790843043425949
dest_label,75,763,"139.5578064,35.31957156",0.0790843043425949
dest_label,75,903,"140.0148851,35.72391099",0.0790843043425949
dest_label,75,922,"140.0371036,35.83473018",0.0790843043425949
dest_label,75,931,"140.1020059,35.75228789",0.0790843043425949
dest_label,75,1179,"139.614541,35.38469281",0.0790843043425949
dest_label,75,1187,"139.6062104,35.34757005",0.0790843043425949
dest_label,74,1156,"139.2252029,35.66491326",0.07804371900352554
dest_label,73,694,"139.5343414,35.42073127",0.07700313366445617
dest_label,73,720,"139.6882195,35.5053561",0.07700313366445617
dest_label,73,729,"139.7458343,35.53104838",0.07700313366445617
dest_label,73,840,"139.8609319,35.89505875",0.07700313366445617
dest_label,73,1168,"139.6221012,35.45638927",0.07700313366445617
dest_label,72,699,"139.4879846,35.41742808",0.0759625483253868
dest_label,72,712,"139.5601514,35.54466958",0.0759625483253868
dest_label,72,827,"139.5260207,35.87522674",0.0759625483253868
dest_label,72,846,"139.2780848,35.97335758",0.0759625483253868
dest_label,72,929,"140.0864065,35.70861142",0.0759625483253868
dest_label,72,942,"140.1327775,35.52011271",0.0759625483253868
orig_label,72,47762,"139.1950951,35.73292595",0.001040582726326743
dest_label,71,735,"139.7287783,35.53038446",0.07492196298631744
dest_label,71,805,"139.6983333,35.82180458",0.07492196298631744
dest_label,71,871,"140.1092682,35.60921953",0.07492196298631744
dest_label,71,1002,"139.6968685,35.94697637",0.07492196298631744
dest_label,71,1178,"139.6138863,35.40923243",0.07492196298631744
dest_label,70,850,"139.4151428,36.03647156",0.07388137764724807
dest_label,70,890,"140.261835,35.53080461",0.07388137764724807
dest_label,70,989,"139.5954103,35.86921543",0.07388137764724807
dest_label,70,1182,"139.6195528,35.42967799",0.07388137764724807
dest_label,69,704,"139.4990025,35.45360807",0.0728407923081787
dest_label,69,707,"139.6011672,35.50696024",0.0728407923081787
dest_label,69,728,"139.5889755,35.4913821",0.0728407923081787
dest_label,69,757,"139.6765007,35.27310743",0.0728407923081787
dest_label,69,826,"139.4437299,35.84817667",0.0728407923081787
dest_label,69,886,"140.1745175,35.61978723",0.0728407923081787
dest_label,69,987,"139.6153579,35.88586183",0.0728407923081787
dest_label,68,733,"139.7119866,35.52700691",0.07180020696910934
dest_label,68,857,"139.5034528,36.07880787",0.07180020696910934
dest_label,68,1183,"139.6074597,35.43542605",0.07180020696910934
dest_label,67,268,"139.2867316,35.34936763",0.07075962163003997
dest_label,67,924,"140.0949645,35.86335932",0.07075962163003997
dest_label,67,927,"139.9010449,35.90317359",0.07075962163003997
dest_label,66,778,"139.3195737,35.47868812",0.0697190362909706
dest_label,66,822,"139.5257212,35.90417576",0.0697190362909706
dest_label,66,847,"139.3943715,35.93568771",0.0697190362909706
dest_label,66,988,"139.6293344,35.87041477",0.0697190362909706
dest_label,66,1001,"139.717378,35.89328655",0.0697190362909706
dest_label,65,797,"139.7351654,35.79708083",0.06867845095190124
dest_label,65,856,"139.5305053,36.02602961",0.06867845095190124
dest_label,65,730,"139.7254266,35.50532165",0.06867845095190124
dest_label,64,50987,"139.6364026,35.30462667",0.06763786561283187
dest_label,64,779,"139.2922594,35.41001931",0.06763786561283187
dest_label,63,828,"139.5061072,35.85638936",0.06659728027376251
dest_label,63,843,"139.7490629,35.95841423",0.06659728027376251
dest_label,63,873,"140.139205,35.58993534",0.06659728027376251
dest_label,62,835,"139.7817754,35.90295314",0.06555669493469314
dest_label,61,697,"139.5778451,35.35326503",0.06451610959562377
dest_label,61,934,"140.1792373,35.67162872",0.06451610959562377
dest_label,61,943,"140.0701806,35.47157688",0.06451610959562377
dest_label,61,982,"139.6128311,35.91193351",0.06451610959562377
dest_label,61,1165,"139.2223056,35.81280012",0.06451610959562377
dest_label,60,965,"140.0832768,35.89609862",0.06347552425655441
dest_label,59,744,"139.621995,35.56667209",0.06243494264277533
dest_label,59,780,"139.2370814,35.37007659",0.06243494264277533
dest_label,59,804,"139.6740695,35.82792475",0.06243494264277533
dest_label,59,845,"139.3393184,35.8964452",0.06243494264277533
dest_label,59,463,"139.9755486,35.94778786",0.06243494264277533
dest_label,58,774,"139.1209344,35.24726885",0.061394361028996265
dest_label,57,891,"140.0863634,35.6161539",0.0603537794152172
dest_label,57,970,"140.1852943,35.92250619",0.0603537794152172
dest_label,57,983,"139.6024778,35.9013475",0.0603537794152172
dest_label,57,999,"139.6716384,35.87055944",0.0603537794152172
dest_label,56,762,"139.5913244,35.29894211",0.05931319780143813
dest_label,55,776,"139.0315104,35.2322522",0.05827261618765906
dest_label,55,860,"139.6094877,36.1331156",0.05827261618765906
dest_label,55,866,"139.3810604,36.1232511",0.05827261618765906
dest_label,55,889,"140.2099157,35.56066679",0.05827261618765906
dest_label,55,969,"140.1857655,35.97183372",0.05827261618765906
dest_label,54,792,"139.2979084,35.58110785",0.05723203457387999
dest_label,54,939,"140.2867861,35.7868327",0.05723203457387999
dest_label,54,1167,"139.1950951,35.73292595",0.05723203457387999
dest_label,54,173,"139.622196,35.39987651",0.05723203457387999
dest_label,53,936,"140.0601307,35.80159378",0.056191452960100925
dest_label,52,785,"139.4307168,35.44000687",0.05515087134632186
dest_label,52,881,"140.0882969,35.63544978",0.05515087134632186
dest_label,52,1181,"139.6238674,35.43589949",0.05515087134632186
dest_label,52,1163,"139.226359,35.7586995",0.05515087134632186
dest_label,51,872,"140.1377107,35.61056194",0.05411028973254279
dest_label,51,998,"139.6861478,35.86002556",0.05411028973254279
dest_label,50,933,"140.2407947,35.6814429",0.05306970811876372
dest_label,50,870,"140.1224036,35.60828301",0.05306970811876372
dest_label,48,714,"139.5371387,35.5262314",0.050988544891205585
dest_label,48,854,"139.6200392,35.99780222",0.050988544891205585
dest_label,48,1177,"139.6284277,35.41827301",0.050988544891205585
dest_label,47,865,"139.2142842,36.10249655",0.04994796327742652
dest_label,47,868,"139.2659448,36.19825251",0.04994796327742652
dest_label,45,232,"139.7444432,35.4904141",0.04786680004986838
dest_label,45,773,"139.1928401,35.29651109",0.04786680004986838
dest_label,45,51009,"139.1831305,35.53633931",0.04786680004986838
dest_label,45,874,"140.1319723,35.56040573",0.04786680004986838
dest_label,45,231,"139.7208405,35.51930562",0.04786680004986838
dest_label,44,759,"139.659764,35.2516623",0.04682621843608931
dest_label,44,878,"140.07295,35.65073679",0.04682621843608931
dest_label,44,884,"140.1442674,35.62950845",0.04682621843608931
dest_label,44,975,"139.5713985,35.89339994",0.04682621843608931
dest_label,43,50842,"139.6410983,35.16757805",0.045785636822310245
dest_label,43,864,"139.4700466,36.14817102",0.045785636822310245
dest_label,43,867,"139.3564965,36.17443043",0.045785636822310245
dest_label,42,349,"139.740255,36.07079802",0.04474505520853118
dest_label,42,964,"140.0358359,35.92217989",0.04474505520853118
dest_label,42,47540,"139.5040986,35.93998123",0.04474505520853118
dest_label,41,49957,"139.7241936,35.538173",0.04370447359475211
dest_label,41,771,"139.3443383,35.36790019",0.04370447359475211
dest_label,41,962,"140.1165466,36.08730063",0.04370447359475211
dest_label,41,1005,"139.6966466,35.97647271",0.04370447359475211
dest_label,41,168,"139.6616087,35.43815423",0.04370447359475211
dest_label,40,869,"139.1462596,36.19926476",0.04266389198097304
dest_label,40,448,"140.3015844,35.44980136",0.04266389198097304
dest_label,39,851,"139.3354725,36.06342507",0.04162331036719397
dest_label,39,961,"140.1050328,36.05376523",0.04162331036719397
dest_label,39,781,"139.1930782,35.40923387",0.04162331036719397
orig_label,39,47801,"139.0554067,35.82256402",0.001040582726326743
dest_label,38,50851,"139.4187199,35.36373604",0.040582728753414905
dest_label,38,769,"139.3857002,35.37553723",0.040582728753414905
dest_label,37,709,"139.6049443,35.55988015",0.03954214713963584
dest_label,37,888,"140.1696033,35.54641415",0.03954214713963584
dest_label,37,944,"140.1706011,35.4792124",0.03954214713963584
dest_label,37,761,"139.6006038,35.27126429",0.03954214713963584
dest_label,36,863,"139.5532157,36.17263566",0.03850156552585677
dest_label,36,953,"140.1872558,36.07592598",0.03850156552585677
dest_label,36,956,"140.2230621,36.01096441",0.03850156552585677
dest_label,35,756,"139.4802949,35.577127",0.0374609839120777
dest_label,35,793,"139.2038464,35.6119023",0.0374609839120777
dest_label,35,885,"140.1325577,35.64046145",0.0374609839120777
dest_label,35,958,"139.7114384,36.17378443",0.0374609839120777
dest_label,34,876,"140.1170764,35.6204892",0.03642040229829863
dest_label,34,439,"139.9657206,35.36399259",0.03642040229829863
dest_label,34,731,"139.771221,35.52021498",0.03642040229829863
dest_label,34,49486,"139.1531414,35.60684888",0.03642040229829863
dest_label,33,440,"139.9937402,35.43847735",0.035379820684519565
dest_label,33,966,"140.1039883,35.91949867",0.035379820684519565
dest_label,33,760,"139.6258355,35.22943263",0.035379820684519565
dest_label,32,946,"139.9091158,35.31651265",0.0343392390707405
dest_label,32,446,"140.3814087,35.55835709",0.0343392390707405
dest_label,32,47821,"139.0554067,35.82256402",0.0343392390707405
dest_label,31,772,"139.2885674,35.31665622",0.03329865745696143
dest_label,31,50490,"139.2495679,35.30788946",0.03329865745696143
dest_label,31,1003,"139.7275372,35.91706509",0.03329865745696143
dest_label,31,49498,"138.9489562,35.96044165",0.03329865745696143
dest_label,30,841,"139.8255826,35.93642346",0.03225807398053721
dest_label,29,862,"139.6644348,36.16481914",0.031217490504113
dest_label,29,935,"140.2968021,35.64242351",0.031217490504113
dest_label,28,335,"139.8020631,35.99591947",0.03017690702768878
dest_label,28,951,"140.3428213,35.51280655",0.03017690702768878
dest_label,28,954,"140.1684141,36.04187123",0.03017690702768878
dest_label,27,945,"140.1530228,35.34489419",0.029136323551264564
dest_label,26,50344,"139.2990019,35.52888972",0.028095740074840347
dest_label,25,938,"140.2104446,35.78722935",0.02705515659841613
dest_label,25,967,"140.057352,35.96931672",0.02705515659841613
dest_label,25,1004,"139.7334219,35.94533274",0.02705515659841613
dest_label,25,849,"139.4841535,35.98361375",0.02705515659841613
orig_label,25,47826,"139.1046656,35.72499797",0.001040582726326743
dest_label,24,887,"140.233201,35.60103412",0.026014573121991912
dest_label,24,36186,"139.8181478,36.04635439",0.026014573121991912
dest_label,24,449,"140.3483286,35.39126064",0.026014573121991912
dest_label,23,433,"140.3409678,35.72008699",0.024973989645567695
dest_label,22,50184,"140.06034,35.51680439",0.023933406169143478
dest_label,21,957,"139.7576973,36.17580281",0.02289282269271926
dest_label,20,949,"140.4207006,35.62403175",0.021852239216295043
dest_label,20,971,"140.1679534,35.8661042",0.021852239216295043
dest_label,19,425,"140.2780873,35.72935277",0.020811655739870826
dest_label,19,434,"140.2427138,35.84423095",0.020811655739870826
dest_label,19,49815,"139.913885,35.37479852",0.020811655739870826
dest_label,19,968,"140.012103,35.99927689",0.020811655739870826
dest_label,19,45462,"140.2243736,36.10591902",0.020811655739870826
dest_label,19,50129,"139.6004152,35.54639471",0.020811655739870826
dest_label,19,47748,"139.1046656,35.72499797",0.020811655739870826
dest_label,18,875,"140.1602509,35.57985421",0.01977107226344661
dest_label,18,963,"140.1123083,35.99440834",0.01977107226344661
dest_label,18,877,"140.1026747,35.5817889",0.01977107226344661
dest_label,17,274,"139.0700444,35.31009747",0.01873048878702239
dest_label,17,50874,"140.2891426,35.25675507",0.01873048878702239
dest_label,16,49996,"139.1247277,35.33512184",0.017689905310598174
dest_label,16,48288,"139.926101,35.41688813",0.017689905310598174
dest_label,16,960,"140.0827092,36.1832944",0.017689905310598174
dest_label,16,43774,"139.9696136,36.03542503",0.017689905310598174
dest_label,16,775,"139.0788658,35.16619272",0.017689905310598174
dest_label,15,362,"139.0872547,36.19524887",0.016649321834173957
dest_label,14,46036,"140.4915704,35.88804811",0.015608739289072315
dest_label,14,947,"140.7751588,35.741259",0.015608739289072315
dest_label,13,461,"140.134808,36.09524454",0.014568156743970672
dest_label,13,49994,"139.1651595,35.33499737",0.014568156743970672
dest_label,12,48707,"139.2151056,35.33613761",0.01352757419886903
dest_label,12,950,"140.230595,35.40470505",0.01352757419886903
dest_label,11,447,"140.4615324,35.68475418",0.012486991653767387
dest_label,11,49517,"140.3605151,36.20612458",0.012486991653767387
dest_label,11,46766,"140.315478,36.00899823",0.012486991653767387
dest_label,11,458,"140.0572828,36.05303625",0.012486991653767387
dest_label,11,32715,"139.8214904,36.18674798",0.012486991653767387
dest_label,11,941,"140.4006561,35.8454456",0.012486991653767387
dest_label,11,462,"139.8926746,36.04565737",0.012486991653767387
dest_label,11,47197,"139.1228435,36.07847665",0.012486991653767387
dest_label,10,49261,"140.2828885,36.18270118",0.011446409108665744
dest_label,10,959,"139.748425,36.10796176",0.011446409108665744
dest_label,10,948,"140.5689109,35.82424579",0.011446409108665744
dest_label,9,30633,"139.8451107,35.32057263",0.010405826563564102
dest_label,9,456,"140.0576367,36.13801611",0.010405826563564102
dest_label,9,442,"140.0471572,35.25232826",0.010405826563564102
dest_label,9,973,"140.6439185,35.96680941",0.010405826563564102
dest_label,9,47279,"140.6669011,35.89053183",0.010405826563564102
dest_label,9,36402,"139.3778959,36.21473415",0.010405826563564102
dest_label,9,457,"140.0365341,36.10644615",0.010405826563564102
dest_label,8,46003,"139.570989,36.09886025",0.009365244018462459
dest_label,8,473,"140.4747052,36.07280897",0.009365244018462459
dest_label,8,36977,"139.8107341,36.11032436",0.009365244018462459
dest_label,8,30844,"139.9682321,36.19928024",0.009365244018462459
dest_label,8,361,"139.2638745,36.13302532",0.009365244018462459
dest_label,7,40777,"140.2675143,35.17516277",0.008324661473360816
dest_label,7,37552,"140.3981612,35.96673225",0.008324661473360816
dest_label,7,35984,"140.3205374,36.09536848",0.008324661473360816
dest_label,7,955,"140.2298715,36.16199686",0.008324661473360816
dest_label,7,50360,"140.042547,35.39308963",0.008324661473360816
dest_label,7,49937,"139.5949876,35.53867911",0.008324661473360816
dest_label,7,444,"139.8618129,34.97161735",0.008324661473360816
dest_label,7,50036,"140.655465,35.73433234",0.008324661473360816
dest_label,6,451,"140.1908612,36.24657285",0.007284078928259174
dest_label,6,50035,"140.050365,35.12380721",0.007284078928259174
dest_label,6,50033,"140.0733359,35.35479861",0.007284078928259174
dest_label,6,49151,"139.5648384,35.55453805",0.007284078928259174
dest_label,5,49995,"139.1306116,35.39219272",0.006243496383157531
dest_label,5,33696,"140.4225863,35.93261453",0.006243496383157531
dest_label,5,48708,"139.0451817,35.42495477",0.006243496383157531
dest_label,5,43484,"140.2974198,35.91028172",0.006243496383157531
dest_label,5,972,"140.279692,35.88287414",0.006243496383157531
dest_label,5,46582,"140.4710201,35.7570604",0.006243496383157531
dest_label,4,34515,"139.8740285,36.11490802",0.0052029138380558886
dest_label,4,272,"139.1335271,35.16537687",0.0052029138380558886
dest_label,4,23478,"139.9552674,35.01075734",0.0052029138380558886
dest_label,4,31075,"138.9291469,36.02160492",0.0052029138380558886
dest_label,4,50037,"140.5536536,35.69987185",0.0052029138380558886
dest_label,4,443,"139.9157656,35.19704336",0.0052029138380558886
dest_label,3,26123,"139.8937095,36.17840357",0.004162331060123602
dest_label,3,472,"140.5756691,35.95250705",0.004162331060123602
dest_label,3,49515,"140.1695062,35.14973218",0.004162331060123602
dest_label,3,471,"140.3103363,35.95678041",0.004162331060123602
dest_label,3,33358,"139.8868289,35.08978489",0.004162331060123602
dest_label,3,34989,"139.960338,36.15074332",0.004162331060123602
dest_label,2,10612,"140.7623433,35.80671122",0.0031217482821913156
dest_label,2,27001,"140.6735334,35.81355667",0.0031217482821913156
dest_label,2,40508,"139.881437,35.27290506",0.0031217482821913156
dest_label,2,20169,"139.9538755,36.1162723",0.0031217482821913156
dest_label,2,952,"140.1608646,36.14087324",0.0031217482821913156
dest_label,2,43723,"139.2289803,35.4872452",0.0031217482821913156
dest_label,1,1525,"139.7546978,35.67365735",0.0020811655042590293
dest_label,1,2003,"139.7831377,35.68727357",0.0020811655042590293
dest_label,1,2476,"139.7723878,35.67994466",0.0020811655042590293
dest_label,1,2938,"139.7658765,35.67081251",0.0020811655042590293
dest_label,1,3396,"139.7748685,35.67028822",0.0020811655042590293
dest_label,1,3863,"139.7793324,35.65807559",0.0020811655042590293
dest_label,1,4212,"139.7262117,35.67064591",0.0020811655042590293
dest_label,1,4675,"139.745831,35.66233467",0.0020811655042590293
dest_label,1,5179,"139.7541057,35.63726412",0.0020811655042590293
dest_label,1,5669,"139.7356411,35.65194471",0.0020811655042590293
dest_label,1,6136,"139.7305876,35.63770051",0.0020811655042590293
dest_label,1,6531,"139.7048167,35.63484693",0.0020811655042590293
dest_label,1,6870,"139.6811978,35.61950867",0.0020811655042590293
dest_label,1,7218,"139.6895333,35.64815201",0.0020811655042590293
dest_label,1,7551,"139.7238183,35.62369142",0.0020811655042590293
dest_label,1,7986,"140.5265396,35.97321544",0.0020811655042590293
dest_label,1,8015,"139.7442541,35.61742843",0.0020811655042590293
dest_label,1,8444,"139.7343215,35.59865554",0.0020811655042590293
dest_label,1,8842,"139.7109939,35.611739",0.0020811655042590293
dest_label,1,9158,"139.7594421,35.60196381",0.0020811655042590293
dest_label,1,9348,"139.7137883,35.59082764",0.0020811655042590293
dest_label,1,9599,"139.7189254,35.57707553",0.0020811655042590293
dest_label,1,9926,"139.7575248,35.58005848",0.0020811655042590293
dest_label,1,10265,"139.7699799,35.55229857",0.0020811655042590293
dest_label,1,10629,"139.7136435,35.54826544",0.0020811655042590293
dest_label,1,10852,"139.6908137,35.56454052",0.0020811655042590293
dest_label,1,11100,"139.6748243,35.58675444",0.0020811655042590293
dest_label,1,11301,"139.6924517,35.59176391",0.0020811655042590293
dest_label,1,11568,"139.7151346,35.5628941",0.0020811655042590293
dest_label,1,11914,"139.7296076,35.73495323",0.0020811655042590293
dest_label,1,12357,"139.7100207,35.72811321",0.0020811655042590293
dest_label,1,12805,"139.6900372,35.73317496",0.0020811655042590293
dest_label,1,13028,"139.7541668,35.72421625",0.0020811655042590293
dest_label,1,13426,"139.762148,35.70792469",0.0020811655042590293
dest_label,1,13838,"139.7441859,35.7114742",0.0020811655042590293
dest_label,1,14250,"139.7317637,35.72026232",0.0020811655042590293
dest_label,1,14591,"139.7355426,35.70193352",0.0020811655042590293
dest_label,1,14977,"139.7230033,35.68587888",0.0020811655042590293
dest_label,1,15381,"139.7057059,35.69732138",0.0020811655042590293
dest_label,1,15856,"139.6919144,35.69497596",0.0020811655042590293
dest_label,1,16348,"139.6920738,35.71742659",0.0020811655042590293
dest_label,1,16709,"139.7187147,35.70319695",0.0020811655042590293
dest_label,1,17115,"139.6997244,35.67870857",0.0020811655042590293
dest_label,1,17539,"139.7040923,35.66428901",0.0020811655042590293
dest_label,1,17992,"140.6038112,36.03999945",0.0020811655042590293
dest_label,1,18024,"139.7113099,35.65028239",0.0020811655042590293
dest_label,1,18444,"139.6803175,35.67421643",0.0020811655042590293
dest_label,1,18820,"139.8017049,35.73512344",0.0020811655042590293
dest_label,1,19022,"139.7798161,35.73834087",0.0020811655042590293
dest_label,1,19365,"139.7661736,35.74846947",0.0020811655042590293
dest_label,1,19578,"139.798386,35.72296805",0.0020811655042590293
dest_label,1,19821,"139.7887656,35.71301137",0.0020811655042590293
dest_label,1,20202,"139.7865782,35.70327098",0.0020811655042590293
dest_label,1,20617,"139.7746237,35.71884476",0.0020811655042590293
dest_label,1,21051,"139.8184591,35.73323302",0.0020811655042590293
dest_label,1,21195,"139.8313292,35.7178019",0.0020811655042590293
dest_label,1,21358,"139.82045,35.71247015",0.0020811655042590293
dest_label,1,21559,"139.8068515,35.70633732",0.0020811655042590293
dest_label,1,21795,"139.813973,35.69751479",0.0020811655042590293
dest_label,1,22122,"139.8004083,35.69527339",0.0020811655042590293
dest_label,1,22457,"139.814161,35.72005672",0.0020811655042590293
dest_label,1,22628,"139.8307067,35.69922926",0.0020811655042590293
dest_label,1,22903,"139.8362308,35.683408",0.0020811655042590293
dest_label,1,23173,"139.8323084,35.66506368",0.0020811655042590293
dest_label,1,23498,"139.8317344,35.63914089",0.0020811655042590293
dest_label,1,23725,"139.8147215,35.67094958",0.0020811655042590293
dest_label,1,24041,"139.8086678,35.65696891",0.0020811655042590293
dest_label,1,24362,"139.7906151,35.63309825",0.0020811655042590293
dest_label,1,24793,"139.7998729,35.67348708",0.0020811655042590293
dest_label,1,25127,"139.8014918,35.6831198",0.0020811655042590293
dest_label,1,25360,"139.815695,35.68474016",0.0020811655042590293
dest_label,1,25550,"139.6524803,35.72182248",0.0020811655042590293
dest_label,1,25811,"139.6751936,35.70629871",0.0020811655042590293
dest_label,1,26150,"139.6715381,35.68981083",0.0020811655042590293
dest_label,1,26431,"139.6400615,35.70620766",0.0020811655042590293
dest_label,1,26712,"139.6510129,35.68245948",0.0020811655042590293
dest_label,1,27018,"139.6268447,35.68362672",0.0020811655042590293
dest_label,1,27259,"139.6073025,35.69752391",0.0020811655042590293
dest_label,1,27562,"139.6098267,35.71916129",0.0020811655042590293
dest_label,1,27799,"139.6613513,35.66216772",0.0020811655042590293
dest_label,1,28071,"139.6717428,35.64210982",0.0020811655042590293
dest_label,1,28429,"139.6419671,35.6233338",0.0020811655042590293
dest_label,1,28788,"139.6610187,35.60415406",0.0020811655042590293
dest_label,1,29051,"139.6058519,35.63199093",0.0020811655042590293
dest_label,1,29342,"139.602061,35.66356425",0.0020811655042590293
dest_label,1,29591,"139.6274702,35.66112868",0.0020811655042590293
dest_label,1,29850,"139.6384256,35.64717005",0.0020811655042590293
dest_label,1,30155,"139.6598186,35.75844865",0.0020811655042590293
dest_label,1,30355,"139.6575866,35.73813977",0.0020811655042590293
dest_label,1,30658,"139.6186899,35.74432599",0.0020811655042590293
dest_label,1,30854,"139.5908576,35.73242866",0.0020811655042590293
dest_label,1,31109,"139.585816,35.75805182",0.0020811655042590293
dest_label,1,31351,"139.6313894,35.75961657",0.0020811655042590293
dest_label,1,31572,"139.6883793,35.7656754",0.0020811655042590293
dest_label,1,31890,"139.7028104,35.75098756",0.0020811655042590293
dest_label,1,32232,"139.6509132,35.77718066",0.0020811655042590293
dest_label,1,32465,"139.6691077,35.79093555",0.0020811655042590293
dest_label,1,32748,"139.7159401,35.78153441",0.0020811655042590293
dest_label,1,33083,"139.7359571,35.76161306",0.0020811655042590293
dest_label,1,33396,"139.7445217,35.74468911",0.0020811655042590293
dest_label,1,33727,"139.8388353,35.77540687",0.0020811655042590293
dest_label,1,33954,"139.8014804,35.74831588",0.0020811655042590293
dest_label,1,34227,"139.8115359,35.78502475",0.0020811655042590293
dest_label,1,34550,"139.7761682,35.76445097",0.0020811655042590293
dest_label,1,34731,"139.769947,35.78818634",0.0020811655042590293
dest_label,1,35014,"139.8669858,35.77807795",0.0020811655042590293
dest_label,1,35264,"139.8729048,35.75002744",0.0020811655042590293
dest_label,1,35442,"139.854827,35.72692459",0.0020811655042590293
dest_label,1,35697,"139.8395082,35.75024195",0.0020811655042590293
dest_label,1,36011,"139.8469707,35.70273341",0.0020811655042590293
dest_label,1,36208,"139.8696279,35.69725556",0.0020811655042590293
dest_label,1,36481,"139.8850711,35.73094287",0.0020811655042590293
dest_label,1,36738,"139.8973821,35.69865739",0.0020811655042590293
dest_label,1,36987,"139.865297,35.6594891",0.0020811655042590293
dest_label,1,37315,"139.5666243,35.66381504",0.0020811655042590293
dest_label,1,37558,"139.5407373,35.65306807",0.0020811655042590293
dest_label,1,37851,"139.5774967,35.63518352",0.0020811655042590293
dest_label,1,38076,"139.5607214,35.68506942",0.0020811655042590293
dest_label,1,38409,"139.5618518,35.70837085",0.0020811655042590293
dest_label,1,38777,"139.5545133,35.73843701",0.0020811655042590293
dest_label,1,39021,"139.5359108,35.73049027",0.0020811655042590293
dest_label,1,39231,"139.5225183,35.78176073",0.0020811655042590293
dest_label,1,39451,"139.5202827,35.75429834",0.0020811655042590293
dest_label,1,39671,"139.4990436,35.66617847",0.0020811655042590293
dest_label,1,39937,"139.4667105,35.67578488",0.0020811655042590293
dest_label,1,40265,"139.4390389,35.68659901",0.0020811655042590293
dest_label,1,40523,"139.5113479,35.70134903",0.0020811655042590293
dest_label,1,40798,"139.4617633,35.70576324",0.0020811655042590293
dest_label,1,41074,"139.4991877,35.72694408",0.0020811655042590293
dest_label,1,41301,"139.4613123,35.72878357",0.0020811655042590293
dest_label,1,41562,"139.4726993,35.75957471",0.0020811655042590293
dest_label,1,41817,"139.401139,35.72568485",0.0020811655042590293
dest_label,1,42013,"139.4095385,35.70952959",0.0020811655042590293
dest_label,1,42282,"139.4092357,35.69343515",0.0020811655042590293
dest_label,1,42512,"139.3824591,35.70678178",0.0020811655042590293
dest_label,1,42666,"139.3563332,35.70801773",0.0020811655042590293
dest_label,1,42835,"139.4268412,35.75079748",0.0020811655042590293
dest_label,1,43030,"139.3841793,35.75073498",0.0020811655042590293
dest_label,1,43178,"139.4652487,35.53928121",0.0020811655042590293
dest_label,1,43491,"139.4568402,35.57878649",0.0020811655042590293
dest_label,1,43780,"139.3854262,35.59503131",0.0020811655042590293
dest_label,1,44036,"139.4487397,35.64445389",0.0020811655042590293
dest_label,1,44237,"139.4345272,35.62192696",0.0020811655042590293
dest_label,1,44530,"139.4932795,35.63322914",0.0020811655042590293
dest_label,1,44760,"139.3952259,35.67202644",0.0020811655042590293
dest_label,1,45002,"139.403983,35.65309468",0.0020811655042590293
dest_label,1,45214,"139.339242,35.68524712",0.0020811655042590293
dest_label,1,45477,"139.3397155,35.63476915",0.0020811655042590293
dest_label,1,45717,"139.3842387,35.6243288",0.0020811655042590293
dest_label,1,46052,"139.2255029,35.66521326",0.0020811655042590293
dest_label,1,46159,"139.3277935,35.65669684",0.0020811655042590293
dest_label,1,46389,"139.2944787,35.63340795",0.0020811655042590293
dest_label,1,46588,"139.2796114,35.67571436",0.0020811655042590293
dest_label,1,46771,"139.3495783,35.77454167",0.0020811655042590293
dest_label,1,46895,"139.3366283,35.73630741",0.0020811655042590293
dest_label,1,47044,"139.3156234,35.76429039",0.0020811655042590293
dest_label,1,47204,"139.226659,35.7589995",0.0020811655042590293
dest_label,1,47281,"139.279323,35.78648122",0.0020811655042590293
dest_label,1,47469,"139.2226056,35.81310012",0.0020811655042590293
dest_label,1,47553,"139.2941931,35.73294141",0.0020811655042590293
dest_label,1,47691,"139.1953951,35.73322595",0.0020811655042590293
dest_label,1,47763,"139.0557067,35.82286402",0.0020811655042590293
dest_label,1,47802,"139.1049656,35.72529797",0.0020811655042590293
dest_label,1,47827,"139.6224012,35.45668927",0.0020811655042590293
dest_label,1,48008,"139.6120987,35.46381347",0.0020811655042590293
dest_label,1,48301,"139.6156173,35.44910289",0.0020811655042590293
dest_label,1,48471,"139.6303021,35.46082475",0.0020811655042590293
dest_label,1,48788,"139.631963,35.44256483",0.0020811655042590293
dest_label,1,49015,"139.6383277,35.44734104",0.0020811655042590293
dest_label,1,49267,"139.6470885,35.44827706",0.0020811655042590293
dest_label,1,49526,"139.6619087,35.43845423",0.0020811655042590293
dest_label,1,49624,"139.648618,35.43368639",0.0020811655042590293
dest_label,1,49819,"139.6653858,35.42232442",0.0020811655042590293
dest_label,1,50042,"139.6287277,35.41857301",0.0020811655042590293
dest_label,1,50186,"139.6141863,35.40953243",0.0020811655042590293
dest_label,1,50364,"139.622496,35.40017651",0.0020811655042590293
dest_label,1,50515,"139.614841,35.38499281",0.0020811655042590293
dest_label,1,50702,"139.6013079,35.37229473",0.0020811655042590293
dest_label,1,50876,"139.6241674,35.43619949",0.0020811655042590293
dest_label,1,1,"139.7573442,35.68461018",0.0020811655042590293
dest_label,1,505,"139.7421047,35.68753724",0.0020811655042590293
dest_label,1,1006,"139.7671389,35.69666092",0.0020811655042590293
