orig/dest node ,ID,coordinates,eigenvector
dest_label,507,"139.7668389,35.69636092",0.184183006
dest_label,1047,"139.6916144,35.69467596",0.184183006
dest_label,1016,"139.745531,35.66203467",0.183142428
dest_label,1017,"139.7538057,35.63696412",0.182101851
dest_label,1051,"139.7037923,35.66398901",0.182101851
dest_label,1007,"139.7570442,35.68431018",0.181061273
dest_label,1008,"139.7418047,35.68723724",0.181061273
dest_label,1009,"139.7543978,35.67335735",0.180020695
dest_label,1010,"139.7828377,35.68697357",0.178980117
dest_label,1011,"139.7720878,35.67964466",0.177939539
dest_label,1018,"139.7353411,35.65164471",0.177939539
dest_label,1023,"139.7235183,35.62339142",0.177939539
dest_label,1046,"139.7054059,35.69702138",0.177939539
dest_label,1052,"139.7110099,35.64998239",0.177939539
dest_label,1074,"139.7903151,35.63279825",0.177939539
dest_label,1013,"139.7745685,35.66998822",0.176898961
dest_label,1015,"139.7259117,35.67034591",0.176898961
dest_label,1038,"139.7097207,35.72781321",0.176898961
dest_label,1012,"139.7655765,35.67051251",0.175858383
dest_label,1045,"139.7227033,35.68557888",0.174817805
dest_label,1050,"139.6994244,35.67840857",0.174817805
dest_label,1024,"139.7439541,35.61712843",0.173777227
dest_label,1037,"139.7293076,35.73465323",0.173777227
dest_label,1125,"139.5615518,35.70807085",0.173777227
dest_label,1041,"139.761848,35.70762469",0.17273665
dest_label,1049,"139.7184147,35.70289695",0.17273665
dest_label,900,"139.9020224,35.64286339",0.171696072
dest_label,1053,"139.6800175,35.67391643",0.171696072
dest_label,1042,"139.7438859,35.7111742",0.170655494
dest_label,1060,"139.7743237,35.71854476",0.170655494
dest_label,1019,"139.7302876,35.63740051",0.169614916
dest_label,1124,"139.5604214,35.68476942",0.168574338
dest_label,1040,"139.7538668,35.72391625",0.16753376
dest_label,1025,"139.7340215,35.59835554",0.166493182
dest_label,1044,"139.7352426,35.70163352",0.166493182
dest_label,1081,"139.6397615,35.70590766",0.166493182
dest_label,1084,"139.6070025,35.69722391",0.166493182
dest_label,1088,"139.6416671,35.6230338",0.166493182
dest_label,1131,"139.4664105,35.67548488",0.165452604
dest_label,1145,"139.4649487,35.53898121",0.165452604
dest_label,1014,"139.7790324,35.65777559",0.164412026
dest_label,1048,"139.6917738,35.71712659",0.164412026
dest_label,1079,"139.6748936,35.70599871",0.164412026
dest_label,1122,"139.5404373,35.65276807",0.164412026
dest_label,1155,"139.3839387,35.6240288",0.163371449
dest_label,1020,"139.7045167,35.63454693",0.162330871
dest_label,1036,"139.7148346,35.5625941",0.162330871
dest_label,1022,"139.6892333,35.64785201",0.161290293
dest_label,1029,"139.7186254,35.57677553",0.161290293
dest_label,1059,"139.7862782,35.70297098",0.161290293
dest_label,1058,"139.7884656,35.71271137",0.160249715
dest_label,1082,"139.6507129,35.68215948",0.160249715
dest_label,1087,"139.6714428,35.64180982",0.160249715
dest_label,1133,"139.5110479,35.70104903",0.160249715
dest_label,1021,"139.6808978,35.61920867",0.159209137
dest_label,1043,"139.7314637,35.71996232",0.159209137
dest_label,1031,"139.7696799,35.55199857",0.158168559
dest_label,705,"139.6365633,35.53949007",0.157127981
dest_label,1093,"139.6381256,35.64687005",0.157127981
dest_label,1030,"139.7572248,35.57975848",0.156087403
dest_label,1105,"139.7356571,35.76131306",0.156087403
dest_label,1101,"139.7025104,35.75068756",0.155046825
dest_label,1149,"139.4342272,35.62162696",0.154006248
dest_label,1026,"139.7106939,35.611439",0.15296567
dest_label,1066,"139.8001083,35.69497339",0.15296567
dest_label,1083,"139.6265447,35.68332672",0.15296567
dest_label,1095,"139.6572866,35.73783977",0.15296567
dest_label,1055,"139.7795161,35.73804087",0.151925092
dest_label,1132,"139.4387389,35.68629901",0.151925092
dest_label,739,"139.6662313,35.57313865",0.150884514
dest_label,1073,"139.8083678,35.65666891",0.150884514
dest_label,1104,"139.7156401,35.78123441",0.150884514
dest_label,1130,"139.4987436,35.66587847",0.150884514
dest_label,1134,"139.4614633,35.70546324",0.150884514
dest_label,1070,"139.8320084,35.66476368",0.149843936
dest_label,1086,"139.6610513,35.66186772",0.149843936
dest_label,1092,"139.6271702,35.66082868",0.149843936
dest_label,1135,"139.4988877,35.72664408",0.149843936
dest_label,1139,"139.4092385,35.70922959",0.148803358
dest_label,717,"139.5429657,35.56790765",0.14776278
dest_label,1072,"139.8144215,35.67064958",0.14776278
dest_label,1080,"139.6712381,35.68951083",0.14776278
dest_label,1090,"139.6055519,35.63169093",0.14776278
dest_label,1091,"139.601761,35.66326425",0.14776278
dest_label,1097,"139.5905576,35.73212866",0.14776278
dest_label,1121,"139.5663243,35.66351504",0.14776278
dest_label,1126,"139.5542133,35.73813701",0.14776278
dest_label,1136,"139.4610123,35.72848357",0.14776278
dest_label,706,"139.6254612,35.50514831",0.146722202
dest_label,1078,"139.6521803,35.72152248",0.146722202
dest_label,1100,"139.6880793,35.7653754",0.146722202
dest_label,1106,"139.7442217,35.74438911",0.146722202
dest_label,1120,"139.864997,35.6591891",0.146722202
dest_label,742,"139.6232513,35.60103011",0.145681624
dest_label,751,"139.5445068,35.61106981",0.145681624
dest_label,788,"139.3989001,35.5619657",0.145681624
dest_label,810,"139.5973094,35.80919914",0.145681624
dest_label,1065,"139.813673,35.69721479",0.145681624
dest_label,1075,"139.7995729,35.67318708",0.145681624
dest_label,1109,"139.8112359,35.78472475",0.145681624
dest_label,1129,"139.5199827,35.75399834",0.144641047
dest_label,1146,"139.4565402,35.57848649",0.143600469
dest_label,716,"139.5061402,35.55057047",0.142559891
dest_label,1115,"139.8392082,35.74994195",0.142559891
dest_label,1117,"139.8693279,35.69695556",0.142559891
dest_label,1089,"139.6607187,35.60385406",0.141519313
dest_label,1137,"139.4723993,35.75927471",0.141519313
dest_label,1151,"139.3949259,35.67172644",0.141519313
dest_label,1035,"139.6921517,35.59146391",0.140478735
dest_label,1153,"139.338942,35.68494712",0.140478735
dest_label,750,"139.5706886,35.61930453",0.139438157
dest_label,1103,"139.6688077,35.79063555",0.139438157
dest_label,715,"139.5130357,35.51594971",0.138397579
dest_label,1123,"139.5771967,35.63488352",0.138397579
dest_label,1069,"139.8359308,35.683108",0.137357001
dest_label,1085,"139.6095267,35.71886129",0.137357001
dest_label,1127,"139.5356108,35.73019027",0.137357001
dest_label,1140,"139.4089357,35.69313515",0.137357001
dest_label,747,"139.5801745,35.5825609",0.136316423
dest_label,1154,"139.3394155,35.63446915",0.136316423
dest_label,732,"139.6988564,35.52567143",0.135275846
dest_label,798,"139.7061745,35.84263013",0.135275846
dest_label,1068,"139.8304067,35.69892926",0.135275846
dest_label,1157,"139.3274935,35.65639684",0.135275846
dest_label,736,"139.6917463,35.53480131",0.134235268
dest_label,787,"139.4333536,35.52772311",0.134235268
dest_label,790,"139.3475636,35.58930738",0.134235268
dest_label,811,"139.619845,35.78931433",0.134235268
dest_label,812,"139.5591043,35.80527145",0.134235268
dest_label,817,"139.4647708,35.80122407",0.134235268
dest_label,1028,"139.7134883,35.59052764",0.134235268
dest_label,1098,"139.585516,35.75775182",0.134235268
dest_label,711,"139.5727393,35.5256335",0.13319469
dest_label,1099,"139.6310894,35.75931657",0.13319469
dest_label,1128,"139.5222183,35.78146073",0.13319469
dest_label,1150,"139.4929795,35.63292914",0.13319469
dest_label,1152,"139.403683,35.65279468",0.13319469
dest_label,1171,"139.6300021,35.46052475",0.13319469
dest_label,899,"139.918829,35.67876534",0.132154112
dest_label,1147,"139.3851262,35.59473131",0.132154112
dest_label,893,"140.039482,35.65031014",0.131113534
dest_label,1102,"139.6506132,35.77688066",0.131113534
dest_label,1169,"139.6117987,35.46351347",0.131113534
dest_label,743,"139.618578,35.58335776",0.130072956
dest_label,1111,"139.769647,35.78788634",0.130072956
dest_label,692,"139.5382646,35.39725937",0.129032378
dest_label,740,"139.6520452,35.56509359",0.129032378
dest_label,741,"139.6404892,35.58448928",0.129032378
dest_label,754,"139.511556,35.58810925",0.129032378
dest_label,767,"139.4491,35.3873245",0.129032378
dest_label,710,"139.5817189,35.55385827",0.1279918
dest_label,834,"139.8698491,35.8326155",0.1279918
dest_label,813,"139.5601211,35.77582119",0.126951222
dest_label,1039,"139.6897372,35.73287496",0.126951222
dest_label,1138,"139.400839,35.72538485",0.126951222
dest_label,1108,"139.8011804,35.74801588",0.125910645
dest_label,1114,"139.854527,35.72662459",0.125910645
dest_label,1119,"139.8970821,35.69835739",0.125910645
dest_label,1143,"139.4265412,35.75049748",0.125910645
dest_label,765,"139.469531,35.32823708",0.124870059
dest_label,819,"139.4220794,35.78889353",0.124870059
dest_label,1112,"139.8666858,35.77777795",0.124870059
dest_label,1056,"139.7658736,35.74816947",0.123829474
dest_label,1148,"139.4484397,35.64415389",0.123829474
dest_label,737,"139.6886585,35.54917358",0.122788889
dest_label,753,"139.5139517,35.61150496",0.122788889
dest_label,1158,"139.2941787,35.63310795",0.122788889
dest_label,1164,"139.279023,35.78618122",0.122788889
dest_label,791,"139.3459347,35.55913417",0.121748303
dest_label,820,"139.3674806,35.81789711",0.121748303
dest_label,1094,"139.6595186,35.75814865",0.121748303
dest_label,719,"139.6685559,35.50351952",0.120707718
dest_label,814,"139.5835272,35.83703685",0.120707718
dest_label,1033,"139.6905137,35.56424052",0.120707718
dest_label,1071,"139.8314344,35.63884089",0.120707718
dest_label,1076,"139.8011918,35.6828198",0.120707718
dest_label,738,"139.6662332,35.54618803",0.119667133
dest_label,796,"139.7179082,35.8138702",0.119667133
dest_label,1057,"139.798086,35.72266805",0.119667133
dest_label,1096,"139.6183899,35.74402599",0.119667133
dest_label,691,"139.5742719,35.46240376",0.118626547
dest_label,782,"139.4602964,35.45752333",0.118626547
dest_label,915,"139.9607705,35.79389251",0.118626547
dest_label,986,"139.6302403,35.88666417",0.118626547
dest_label,1159,"139.2793114,35.67541436",0.118626547
dest_label,836,"139.7731336,35.88214154",0.117585962
dest_label,898,"139.9388314,35.70068142",0.117585962
dest_label,1032,"139.7133435,35.54796544",0.117585962
dest_label,1118,"139.8847711,35.73064287",0.117585962
dest_label,904,"140.0516893,35.71494407",0.116545377
dest_label,912,"139.9065541,35.80811759",0.116545377
dest_label,921,"139.9673073,35.90036714",0.116545377
dest_label,906,"139.9901638,35.70307017",0.115504791
dest_label,910,"139.9843903,35.73076969",0.115504791
dest_label,923,"140.0278847,35.87731091",0.115504791
dest_label,996,"139.6478354,35.83788215",0.115504791
dest_label,1077,"139.815395,35.68444016",0.115504791
dest_label,783,"139.4501961,35.50073944",0.114464206
dest_label,1064,"139.8065515,35.70603732",0.114464206
dest_label,1142,"139.3560332,35.70771773",0.114464206
dest_label,1173,"139.6380277,35.44704104",0.114464206
dest_label,777,"139.3440592,35.43339947",0.113423621
dest_label,911,"139.8995348,35.77323648",0.113423621
dest_label,1034,"139.6745243,35.58645444",0.113423621
dest_label,1107,"139.8385353,35.77510687",0.113423621
dest_label,1116,"139.8466707,35.70243341",0.113423621
dest_label,693,"139.5508523,35.43166366",0.112383035
dest_label,701,"139.5277946,35.46065322",0.112383035
dest_label,795,"139.7072737,35.80257627",0.112383035
dest_label,830,"139.7867177,35.84912748",0.112383035
dest_label,894,"139.9402746,35.72761472",0.112383035
dest_label,902,"140.0166772,35.67405663",0.112383035
dest_label,913,"139.9239347,35.83193372",0.112383035
dest_label,1162,"139.3153234,35.76399039",0.112383035
dest_label,724,"139.6479695,35.49371965",0.11134245
dest_label,786,"139.3928914,35.43773644",0.11134245
dest_label,837,"139.7679725,35.92052632",0.11134245
dest_label,920,"139.9738125,35.82620506",0.11134245
dest_label,755,"139.476632,35.60655032",0.110301865
dest_label,799,"139.7420897,35.86220322",0.110301865
dest_label,993,"139.6492708,35.87040679",0.110301865
dest_label,1144,"139.3838793,35.75043498",0.110301865
dest_label,702,"139.5151505,35.48872586",0.109261279
dest_label,722,"139.6560378,35.52073535",0.109261279
dest_label,745,"139.6007048,35.60465133",0.109261279
dest_label,752,"139.5308971,35.62958969",0.109261279
dest_label,990,"139.6191592,35.85138216",0.109261279
dest_label,1067,"139.813861,35.71975672",0.109261279
dest_label,1161,"139.3363283,35.73600741",0.109261279
dest_label,818,"139.4982557,35.81177028",0.108220694
dest_label,838,"139.803334,35.91741093",0.108220694
dest_label,892,"140.0648446,35.63002328",0.108220694
dest_label,1184,"139.5908369,35.4247157",0.108220694
dest_label,725,"139.6331078,35.48385735",0.107180108
dest_label,789,"139.3895161,35.51951265",0.107180108
dest_label,833,"139.8393729,35.81940049",0.107180108
dest_label,839,"139.8125254,35.87588086",0.107180108
dest_label,908,"139.9558399,35.71153118",0.107180108
dest_label,919,"139.9775062,35.8635168",0.107180108
dest_label,1063,"139.82015,35.71217015",0.107180108
dest_label,696,"139.5448808,35.36683886",0.106139523
dest_label,764,"139.5265827,35.33599046",0.106139523
dest_label,831,"139.7900611,35.8206847",0.106139523
dest_label,1110,"139.7758682,35.76415097",0.106139523
dest_label,708,"139.6125502,35.53834927",0.105098938
dest_label,727,"139.6126545,35.48153691",0.105098938
dest_label,821,"139.4819345,35.91278683",0.105098938
dest_label,926,"139.9252979,35.86798845",0.104058352
dest_label,1000,"139.6912048,35.87859421",0.104058352
dest_label,1141,"139.3821591,35.70648178",0.104058352
dest_label,895,"139.9087192,35.72820855",0.103017767
dest_label,896,"139.9156018,35.74906565",0.103017767
dest_label,917,"139.998844,35.77291836",0.103017767
dest_label,997,"139.6756601,35.84958665",0.103017767
dest_label,1027,"139.7591421,35.60166381",0.103017767
dest_label,690,"139.5980343,35.45871925",0.101977182
dest_label,698,"139.5140858,35.42491423",0.101977182
dest_label,802,"139.7378956,35.82643164",0.101977182
dest_label,905,"140.029859,35.7054419",0.101977182
dest_label,806,"139.6898886,35.80907967",0.100936596
dest_label,832,"139.820469,35.85063848",0.100936596
dest_label,909,"140.0518759,35.75738445",0.100936596
dest_label,1054,"139.8014049,35.73482344",0.100936596
dest_label,1172,"139.631663,35.44226483",0.100936596
dest_label,1191,"139.5801929,35.38025957",0.100936596
dest_label,713,"139.5661259,35.50549086",0.099896011
dest_label,721,"139.6803914,35.52694797",0.099896011
dest_label,916,"139.9314831,35.77258065",0.099896011
dest_label,974,"139.5772602,35.92060729",0.099896011
dest_label,800,"139.7632373,35.83393362",0.098855426
dest_label,930,"140.1207554,35.72509161",0.098855426
dest_label,1189,"139.5946404,35.40134668",0.098855426
dest_label,1190,"139.5676947,35.40190062",0.098855426
dest_label,703,"139.4818747,35.47743863",0.09781484
dest_label,726,"139.6228524,35.47229081",0.09781484
dest_label,749,"139.5513062,35.59304079",0.09781484
dest_label,768,"139.4045614,35.33360942",0.09781484
dest_label,784,"139.4091837,35.48759376",0.09781484
dest_label,825,"139.4062636,35.86547228",0.09781484
dest_label,901,"140.0583783,35.69052951",0.09781484
dest_label,918,"139.9557081,35.85546061",0.09781484
dest_label,985,"139.6707518,35.91871222",0.09781484
dest_label,829,"139.8096585,35.82061715",0.096774255
dest_label,907,"139.9807101,35.68395688",0.096774255
dest_label,994,"139.6547354,35.88454861",0.096774255
dest_label,1062,"139.8310292,35.7175019",0.096774255
dest_label,1113,"139.8726048,35.74972744",0.096774255
dest_label,723,"139.6497432,35.47763721",0.09573367
dest_label,1174,"139.6467885,35.44797706",0.09573367
dest_label,718,"139.6894926,35.48269846",0.09573367
dest_label,746,"139.6013232,35.57511939",0.094693084
dest_label,794,"139.7240318,35.79725552",0.094693084
dest_label,808,"139.6640916,35.81475049",0.094693084
dest_label,880,"140.1029216,35.68157186",0.094693084
dest_label,1186,"139.6126393,35.32786464",0.094693084
dest_label,809,"139.6436702,35.81701717",0.093652499
dest_label,861,"139.649473,36.07702522",0.093652499
dest_label,981,"139.6380561,35.90774709",0.093652499
dest_label,991,"139.6524042,35.85886296",0.093652499
dest_label,1166,"139.2938931,35.73264141",0.093652499
dest_label,1185,"139.6320755,35.36226098",0.093652499
dest_label,695,"139.5050044,35.38093647",0.092611914
dest_label,748,"139.5728323,35.59929935",0.092611914
dest_label,879,"140.0555865,35.66584084",0.092611914
dest_label,883,"140.1221102,35.65601562",0.092611914
dest_label,1188,"139.6469563,35.36020109",0.092611914
dest_label,815,"139.5544571,35.85452243",0.091571328
dest_label,824,"139.4343557,35.92537255",0.091571328
dest_label,801,"139.7476426,35.79724491",0.090530743
dest_label,979,"139.6263747,35.90915261",0.090530743
dest_label,984,"139.6543199,35.95035052",0.090530743
dest_label,925,"139.9039617,35.84630738",0.089490158
dest_label,928,"139.8798006,35.96054673",0.089490158
dest_label,995,"139.6411201,35.84917078",0.089490158
dest_label,766,"139.4919623,35.3456325",0.088449572
dest_label,823,"139.4681389,35.88174277",0.088449572
dest_label,700,"139.5528726,35.4731889",0.087408987
dest_label,859,"139.6582516,36.01233739",0.087408987
dest_label,932,"140.1878787,35.72917322",0.087408987
dest_label,937,"140.1409763,35.8119327",0.087408987
dest_label,1160,"139.3492783,35.77424167",0.087408987
dest_label,1175,"139.648318,35.43338639",0.087408987
dest_label,858,"139.7415341,36.03012462",0.086368402
dest_label,914,"139.9361069,35.81541854",0.086368402
dest_label,770,"139.3472905,35.33314023",0.085327816
dest_label,807,"139.6749567,35.80929457",0.085327816
dest_label,816,"139.5157202,35.83296195",0.085327816
dest_label,976,"139.6039502,35.92693992",0.085327816
dest_label,188,"139.5901644,35.47261608",0.085327816
dest_label,855,"139.5500768,36.00302051",0.084287231
dest_label,897,"139.9577669,35.75247373",0.084287231
dest_label,1061,"139.8181591,35.73293302",0.084287231
dest_label,1176,"139.6650858,35.42202442",0.084287231
dest_label,734,"139.7047754,35.51263274",0.083246646
dest_label,803,"139.6863737,35.82284903",0.083246646
dest_label,852,"139.6054332,35.9801737",0.083246646
dest_label,853,"139.5640288,35.96325069",0.083246646
dest_label,882,"140.1034656,35.63590857",0.083246646
dest_label,978,"139.6183793,35.94747506",0.083246646
dest_label,980,"139.6187069,35.90332934",0.083246646
dest_label,1192,"139.5907515,35.44813054",0.083246646
dest_label,848,"139.400149,35.96358946",0.08220606
dest_label,977,"139.6183429,35.93479494",0.08220606
dest_label,1180,"139.6010079,35.37199473",0.08220606
dest_label,842,"139.7606623,35.98215299",0.081165475
dest_label,844,"139.2199415,35.88824053",0.081165475
dest_label,940,"140.3530659,35.80415072",0.081165475
dest_label,992,"139.6594733,35.85350616",0.08012489
dest_label,1170,"139.6153173,35.44880289",0.08012489
dest_label,758,"139.6973576,35.23043166",0.079084304
dest_label,763,"139.5578064,35.31957156",0.079084304
dest_label,903,"140.0148851,35.72391099",0.079084304
dest_label,922,"140.0371036,35.83473018",0.079084304
dest_label,931,"140.1020059,35.75228789",0.079084304
dest_label,1179,"139.614541,35.38469281",0.079084304
dest_label,1187,"139.6062104,35.34757005",0.079084304
dest_label,1156,"139.2252029,35.66491326",0.078043719
dest_label,694,"139.5343414,35.42073127",0.077003134
dest_label,720,"139.6882195,35.5053561",0.077003134
dest_label,729,"139.7458343,35.53104838",0.077003134
dest_label,840,"139.8609319,35.89505875",0.077003134
dest_label,1168,"139.6221012,35.45638927",0.077003134
dest_label,699,"139.4879846,35.41742808",0.075962548
dest_label,712,"139.5601514,35.54466958",0.075962548
dest_label,827,"139.5260207,35.87522674",0.075962548
dest_label,846,"139.2780848,35.97335758",0.075962548
dest_label,929,"140.0864065,35.70861142",0.075962548
dest_label,942,"140.1327775,35.52011271",0.075962548
dest_label,735,"139.7287783,35.53038446",0.074921963
dest_label,805,"139.6983333,35.82180458",0.074921963
dest_label,871,"140.1092682,35.60921953",0.074921963
dest_label,1002,"139.6968685,35.94697637",0.074921963
dest_label,1178,"139.6138863,35.40923243",0.074921963
dest_label,850,"139.4151428,36.03647156",0.073881378
dest_label,890,"140.261835,35.53080461",0.073881378
dest_label,989,"139.5954103,35.86921543",0.073881378
dest_label,1182,"139.6195528,35.42967799",0.073881378
dest_label,704,"139.4990025,35.45360807",0.072840792
dest_label,707,"139.6011672,35.50696024",0.072840792
dest_label,728,"139.5889755,35.4913821",0.072840792
dest_label,757,"139.6765007,35.27310743",0.072840792
dest_label,826,"139.4437299,35.84817667",0.072840792
dest_label,886,"140.1745175,35.61978723",0.072840792
dest_label,987,"139.6153579,35.88586183",0.072840792
dest_label,733,"139.7119866,35.52700691",0.071800207
dest_label,857,"139.5034528,36.07880787",0.071800207
dest_label,1183,"139.6074597,35.43542605",0.071800207
dest_label,268,"139.2867316,35.34936763",0.070759622
dest_label,924,"140.0949645,35.86335932",0.070759622
dest_label,927,"139.9010449,35.90317359",0.070759622
dest_label,778,"139.3195737,35.47868812",0.069719036
dest_label,822,"139.5257212,35.90417576",0.069719036
dest_label,847,"139.3943715,35.93568771",0.069719036
dest_label,988,"139.6293344,35.87041477",0.069719036
dest_label,1001,"139.717378,35.89328655",0.069719036
dest_label,797,"139.7351654,35.79708083",0.068678451
dest_label,856,"139.5305053,36.02602961",0.068678451
dest_label,730,"139.7254266,35.50532165",0.068678451
dest_label,50987,"139.6364026,35.30462667",0.067637866
dest_label,779,"139.2922594,35.41001931",0.067637866
dest_label,828,"139.5061072,35.85638936",0.06659728
dest_label,843,"139.7490629,35.95841423",0.06659728
dest_label,873,"140.139205,35.58993534",0.06659728
dest_label,835,"139.7817754,35.90295314",0.065556695
dest_label,697,"139.5778451,35.35326503",0.06451611
dest_label,934,"140.1792373,35.67162872",0.06451611
dest_label,943,"140.0701806,35.47157688",0.06451611
dest_label,982,"139.6128311,35.91193351",0.06451611
dest_label,1165,"139.2223056,35.81280012",0.06451611
dest_label,965,"140.0832768,35.89609862",0.063475524
dest_label,744,"139.621995,35.56667209",0.062434943
dest_label,780,"139.2370814,35.37007659",0.062434943
dest_label,804,"139.6740695,35.82792475",0.062434943
dest_label,845,"139.3393184,35.8964452",0.062434943
dest_label,463,"139.9755486,35.94778786",0.062434943
dest_label,774,"139.1209344,35.24726885",0.061394361
dest_label,891,"140.0863634,35.6161539",0.060353779
dest_label,970,"140.1852943,35.92250619",0.060353779
dest_label,983,"139.6024778,35.9013475",0.060353779
dest_label,999,"139.6716384,35.87055944",0.060353779
dest_label,762,"139.5913244,35.29894211",0.059313198
dest_label,776,"139.0315104,35.2322522",0.058272616
dest_label,860,"139.6094877,36.1331156",0.058272616
dest_label,866,"139.3810604,36.1232511",0.058272616
dest_label,889,"140.2099157,35.56066679",0.058272616
dest_label,969,"140.1857655,35.97183372",0.058272616
dest_label,792,"139.2979084,35.58110785",0.057232035
dest_label,939,"140.2867861,35.7868327",0.057232035
dest_label,1167,"139.1950951,35.73292595",0.057232035
dest_label,173,"139.622196,35.39987651",0.057232035
dest_label,936,"140.0601307,35.80159378",0.056191453
dest_label,785,"139.4307168,35.44000687",0.055150871
dest_label,881,"140.0882969,35.63544978",0.055150871
dest_label,1181,"139.6238674,35.43589949",0.055150871
dest_label,1163,"139.226359,35.7586995",0.055150871
dest_label,872,"140.1377107,35.61056194",0.05411029
dest_label,998,"139.6861478,35.86002556",0.05411029
dest_label,933,"140.2407947,35.6814429",0.053069708
dest_label,870,"140.1224036,35.60828301",0.053069708
dest_label,714,"139.5371387,35.5262314",0.050988545
dest_label,854,"139.6200392,35.99780222",0.050988545
dest_label,1177,"139.6284277,35.41827301",0.050988545
dest_label,865,"139.2142842,36.10249655",0.049947963
dest_label,868,"139.2659448,36.19825251",0.049947963
dest_label,232,"139.7444432,35.4904141",0.0478668
dest_label,773,"139.1928401,35.29651109",0.0478668
dest_label,51009,"139.1831305,35.53633931",0.0478668
dest_label,874,"140.1319723,35.56040573",0.0478668
dest_label,231,"139.7208405,35.51930562",0.0478668
dest_label,759,"139.659764,35.2516623",0.046826218
dest_label,878,"140.07295,35.65073679",0.046826218
dest_label,884,"140.1442674,35.62950845",0.046826218
dest_label,975,"139.5713985,35.89339994",0.046826218
dest_label,50842,"139.6410983,35.16757805",0.045785637
dest_label,864,"139.4700466,36.14817102",0.045785637
dest_label,867,"139.3564965,36.17443043",0.045785637
dest_label,349,"139.740255,36.07079802",0.044745055
dest_label,964,"140.0358359,35.92217989",0.044745055
dest_label,47540,"139.5040986,35.93998123",0.044745055
dest_label,49957,"139.7241936,35.538173",0.043704474
dest_label,771,"139.3443383,35.36790019",0.043704474
dest_label,962,"140.1165466,36.08730063",0.043704474
dest_label,1005,"139.6966466,35.97647271",0.043704474
dest_label,168,"139.6616087,35.43815423",0.043704474
dest_label,869,"139.1462596,36.19926476",0.042663892
dest_label,448,"140.3015844,35.44980136",0.042663892
dest_label,851,"139.3354725,36.06342507",0.04162331
dest_label,961,"140.1050328,36.05376523",0.04162331
dest_label,781,"139.1930782,35.40923387",0.04162331
dest_label,50851,"139.4187199,35.36373604",0.040582729
dest_label,769,"139.3857002,35.37553723",0.040582729
dest_label,709,"139.6049443,35.55988015",0.039542147
dest_label,888,"140.1696033,35.54641415",0.039542147
dest_label,944,"140.1706011,35.4792124",0.039542147
dest_label,761,"139.6006038,35.27126429",0.039542147
dest_label,863,"139.5532157,36.17263566",0.038501566
dest_label,953,"140.1872558,36.07592598",0.038501566
dest_label,956,"140.2230621,36.01096441",0.038501566
dest_label,756,"139.4802949,35.577127",0.037460984
dest_label,793,"139.2038464,35.6119023",0.037460984
dest_label,885,"140.1325577,35.64046145",0.037460984
dest_label,958,"139.7114384,36.17378443",0.037460984
dest_label,876,"140.1170764,35.6204892",0.036420402
dest_label,439,"139.9657206,35.36399259",0.036420402
dest_label,731,"139.771221,35.52021498",0.036420402
dest_label,49486,"139.1531414,35.60684888",0.036420402
dest_label,440,"139.9937402,35.43847735",0.035379821
dest_label,966,"140.1039883,35.91949867",0.035379821
dest_label,760,"139.6258355,35.22943263",0.035379821
dest_label,946,"139.9091158,35.31651265",0.034339239
dest_label,446,"140.3814087,35.55835709",0.034339239
dest_label,47821,"139.0554067,35.82256402",0.034339239
dest_label,772,"139.2885674,35.31665622",0.033298657
dest_label,50490,"139.2495679,35.30788946",0.033298657
dest_label,1003,"139.7275372,35.91706509",0.033298657
dest_label,49498,"138.9489562,35.96044165",0.033298657
dest_label,841,"139.8255826,35.93642346",0.032258074
dest_label,862,"139.6644348,36.16481914",0.031217491
dest_label,935,"140.2968021,35.64242351",0.031217491
dest_label,335,"139.8020631,35.99591947",0.030176907
dest_label,951,"140.3428213,35.51280655",0.030176907
dest_label,954,"140.1684141,36.04187123",0.030176907
dest_label,945,"140.1530228,35.34489419",0.029136324
dest_label,50344,"139.2990019,35.52888972",0.02809574
dest_label,938,"140.2104446,35.78722935",0.027055157
dest_label,967,"140.057352,35.96931672",0.027055157
dest_label,1004,"139.7334219,35.94533274",0.027055157
dest_label,849,"139.4841535,35.98361375",0.027055157
dest_label,887,"140.233201,35.60103412",0.026014573
dest_label,36186,"139.8181478,36.04635439",0.026014573
dest_label,449,"140.3483286,35.39126064",0.026014573
dest_label,433,"140.3409678,35.72008699",0.02497399
dest_label,50184,"140.06034,35.51680439",0.023933406
dest_label,957,"139.7576973,36.17580281",0.022892823
dest_label,949,"140.4207006,35.62403175",0.021852239
dest_label,971,"140.1679534,35.8661042",0.021852239
dest_label,425,"140.2780873,35.72935277",0.020811656
dest_label,434,"140.2427138,35.84423095",0.020811656
dest_label,49815,"139.913885,35.37479852",0.020811656
dest_label,968,"140.012103,35.99927689",0.020811656
dest_label,45462,"140.2243736,36.10591902",0.020811656
dest_label,50129,"139.6004152,35.54639471",0.020811656
dest_label,47748,"139.1046656,35.72499797",0.020811656
dest_label,875,"140.1602509,35.57985421",0.019771072
dest_label,963,"140.1123083,35.99440834",0.019771072
dest_label,877,"140.1026747,35.5817889",0.019771072
dest_label,274,"139.0700444,35.31009747",0.018730489
dest_label,50874,"140.2891426,35.25675507",0.018730489
dest_label,49996,"139.1247277,35.33512184",0.017689905
dest_label,48288,"139.926101,35.41688813",0.017689905
dest_label,960,"140.0827092,36.1832944",0.017689905
dest_label,43774,"139.9696136,36.03542503",0.017689905
dest_label,775,"139.0788658,35.16619272",0.017689905
dest_label,362,"139.0872547,36.19524887",0.016649322
dest_label,46036,"140.4915704,35.88804811",0.015608739
dest_label,947,"140.7751588,35.741259",0.015608739
dest_label,461,"140.134808,36.09524454",0.014568157
dest_label,49994,"139.1651595,35.33499737",0.014568157
dest_label,48707,"139.2151056,35.33613761",0.013527574
dest_label,950,"140.230595,35.40470505",0.013527574
dest_label,447,"140.4615324,35.68475418",0.012486992
dest_label,49517,"140.3605151,36.20612458",0.012486992
dest_label,46766,"140.315478,36.00899823",0.012486992
dest_label,458,"140.0572828,36.05303625",0.012486992
dest_label,32715,"139.8214904,36.18674798",0.012486992
dest_label,941,"140.4006561,35.8454456",0.012486992
dest_label,462,"139.8926746,36.04565737",0.012486992
dest_label,47197,"139.1228435,36.07847665",0.012486992
dest_label,49261,"140.2828885,36.18270118",0.011446409
dest_label,959,"139.748425,36.10796176",0.011446409
dest_label,948,"140.5689109,35.82424579",0.011446409
dest_label,30633,"139.8451107,35.32057263",0.010405827
dest_label,456,"140.0576367,36.13801611",0.010405827
dest_label,442,"140.0471572,35.25232826",0.010405827
dest_label,973,"140.6439185,35.96680941",0.010405827
dest_label,47279,"140.6669011,35.89053183",0.010405827
dest_label,36402,"139.3778959,36.21473415",0.010405827
dest_label,457,"140.0365341,36.10644615",0.010405827
dest_label,46003,"139.570989,36.09886025",0.009365244
dest_label,473,"140.4747052,36.07280897",0.009365244
dest_label,36977,"139.8107341,36.11032436",0.009365244
dest_label,30844,"139.9682321,36.19928024",0.009365244
dest_label,361,"139.2638745,36.13302532",0.009365244
dest_label,40777,"140.2675143,35.17516277",0.008324661
dest_label,37552,"140.3981612,35.96673225",0.008324661
dest_label,35984,"140.3205374,36.09536848",0.008324661
dest_label,955,"140.2298715,36.16199686",0.008324661
dest_label,50360,"140.042547,35.39308963",0.008324661
dest_label,49937,"139.5949876,35.53867911",0.008324661
dest_label,444,"139.8618129,34.97161735",0.008324661
dest_label,50036,"140.655465,35.73433234",0.008324661
dest_label,451,"140.1908612,36.24657285",0.007284079
dest_label,50035,"140.050365,35.12380721",0.007284079
dest_label,50033,"140.0733359,35.35479861",0.007284079
dest_label,49151,"139.5648384,35.55453805",0.007284079
dest_label,49995,"139.1306116,35.39219272",0.006243496
dest_label,33696,"140.4225863,35.93261453",0.006243496
dest_label,48708,"139.0451817,35.42495477",0.006243496
dest_label,43484,"140.2974198,35.91028172",0.006243496
dest_label,972,"140.279692,35.88287414",0.006243496
dest_label,46582,"140.4710201,35.7570604",0.006243496
dest_label,34515,"139.8740285,36.11490802",0.005202914
dest_label,272,"139.1335271,35.16537687",0.005202914
dest_label,23478,"139.9552674,35.01075734",0.005202914
dest_label,31075,"138.9291469,36.02160492",0.005202914
dest_label,50037,"140.5536536,35.69987185",0.005202914
dest_label,443,"139.9157656,35.19704336",0.005202914
dest_label,26123,"139.8937095,36.17840357",0.004162331
dest_label,472,"140.5756691,35.95250705",0.004162331
dest_label,49515,"140.1695062,35.14973218",0.004162331
dest_label,471,"140.3103363,35.95678041",0.004162331
dest_label,33358,"139.8868289,35.08978489",0.004162331
dest_label,34989,"139.960338,36.15074332",0.004162331
dest_label,10612,"140.7623433,35.80671122",0.003121748
dest_label,27001,"140.6735334,35.81355667",0.003121748
dest_label,40508,"139.881437,35.27290506",0.003121748
dest_label,20169,"139.9538755,36.1162723",0.003121748
dest_label,952,"140.1608646,36.14087324",0.003121748
dest_label,43723,"139.2289803,35.4872452",0.003121748
dest_label,1525,"139.7546978,35.67365735",0.002081166
dest_label,2003,"139.7831377,35.68727357",0.002081166
dest_label,2476,"139.7723878,35.67994466",0.002081166
dest_label,2938,"139.7658765,35.67081251",0.002081166
dest_label,3396,"139.7748685,35.67028822",0.002081166
dest_label,3863,"139.7793324,35.65807559",0.002081166
dest_label,4212,"139.7262117,35.67064591",0.002081166
dest_label,4675,"139.745831,35.66233467",0.002081166
dest_label,5179,"139.7541057,35.63726412",0.002081166
dest_label,5669,"139.7356411,35.65194471",0.002081166
dest_label,6136,"139.7305876,35.63770051",0.002081166
dest_label,6531,"139.7048167,35.63484693",0.002081166
dest_label,6870,"139.6811978,35.61950867",0.002081166
dest_label,7218,"139.6895333,35.64815201",0.002081166
dest_label,7551,"139.7238183,35.62369142",0.002081166
dest_label,7986,"140.5265396,35.97321544",0.002081166
dest_label,8015,"139.7442541,35.61742843",0.002081166
dest_label,8444,"139.7343215,35.59865554",0.002081166
dest_label,8842,"139.7109939,35.611739",0.002081166
dest_label,9158,"139.7594421,35.60196381",0.002081166
dest_label,9348,"139.7137883,35.59082764",0.002081166
dest_label,9599,"139.7189254,35.57707553",0.002081166
dest_label,9926,"139.7575248,35.58005848",0.002081166
dest_label,10265,"139.7699799,35.55229857",0.002081166
dest_label,10629,"139.7136435,35.54826544",0.002081166
dest_label,10852,"139.6908137,35.56454052",0.002081166
dest_label,11100,"139.6748243,35.58675444",0.002081166
dest_label,11301,"139.6924517,35.59176391",0.002081166
dest_label,11568,"139.7151346,35.5628941",0.002081166
dest_label,11914,"139.7296076,35.73495323",0.002081166
dest_label,12357,"139.7100207,35.72811321",0.002081166
dest_label,12805,"139.6900372,35.73317496",0.002081166
dest_label,13028,"139.7541668,35.72421625",0.002081166
dest_label,13426,"139.762148,35.70792469",0.002081166
dest_label,13838,"139.7441859,35.7114742",0.002081166
dest_label,14250,"139.7317637,35.72026232",0.002081166
dest_label,14591,"139.7355426,35.70193352",0.002081166
dest_label,14977,"139.7230033,35.68587888",0.002081166
dest_label,15381,"139.7057059,35.69732138",0.002081166
dest_label,15856,"139.6919144,35.69497596",0.002081166
dest_label,16348,"139.6920738,35.71742659",0.002081166
dest_label,16709,"139.7187147,35.70319695",0.002081166
dest_label,17115,"139.6997244,35.67870857",0.002081166
dest_label,17539,"139.7040923,35.66428901",0.002081166
dest_label,17992,"140.6038112,36.03999945",0.002081166
dest_label,18024,"139.7113099,35.65028239",0.002081166
dest_label,18444,"139.6803175,35.67421643",0.002081166
dest_label,18820,"139.8017049,35.73512344",0.002081166
dest_label,19022,"139.7798161,35.73834087",0.002081166
dest_label,19365,"139.7661736,35.74846947",0.002081166
dest_label,19578,"139.798386,35.72296805",0.002081166
dest_label,19821,"139.7887656,35.71301137",0.002081166
dest_label,20202,"139.7865782,35.70327098",0.002081166
dest_label,20617,"139.7746237,35.71884476",0.002081166
dest_label,21051,"139.8184591,35.73323302",0.002081166
dest_label,21195,"139.8313292,35.7178019",0.002081166
dest_label,21358,"139.82045,35.71247015",0.002081166
dest_label,21559,"139.8068515,35.70633732",0.002081166
dest_label,21795,"139.813973,35.69751479",0.002081166
dest_label,22122,"139.8004083,35.69527339",0.002081166
dest_label,22457,"139.814161,35.72005672",0.002081166
dest_label,22628,"139.8307067,35.69922926",0.002081166
dest_label,22903,"139.8362308,35.683408",0.002081166
dest_label,23173,"139.8323084,35.66506368",0.002081166
dest_label,23498,"139.8317344,35.63914089",0.002081166
dest_label,23725,"139.8147215,35.67094958",0.002081166
dest_label,24041,"139.8086678,35.65696891",0.002081166
dest_label,24362,"139.7906151,35.63309825",0.002081166
dest_label,24793,"139.7998729,35.67348708",0.002081166
dest_label,25127,"139.8014918,35.6831198",0.002081166
dest_label,25360,"139.815695,35.68474016",0.002081166
dest_label,25550,"139.6524803,35.72182248",0.002081166
dest_label,25811,"139.6751936,35.70629871",0.002081166
dest_label,26150,"139.6715381,35.68981083",0.002081166
dest_label,26431,"139.6400615,35.70620766",0.002081166
dest_label,26712,"139.6510129,35.68245948",0.002081166
dest_label,27018,"139.6268447,35.68362672",0.002081166
dest_label,27259,"139.6073025,35.69752391",0.002081166
dest_label,27562,"139.6098267,35.71916129",0.002081166
dest_label,27799,"139.6613513,35.66216772",0.002081166
dest_label,28071,"139.6717428,35.64210982",0.002081166
dest_label,28429,"139.6419671,35.6233338",0.002081166
dest_label,28788,"139.6610187,35.60415406",0.002081166
dest_label,29051,"139.6058519,35.63199093",0.002081166
dest_label,29342,"139.602061,35.66356425",0.002081166
dest_label,29591,"139.6274702,35.66112868",0.002081166
dest_label,29850,"139.6384256,35.64717005",0.002081166
dest_label,30155,"139.6598186,35.75844865",0.002081166
dest_label,30355,"139.6575866,35.73813977",0.002081166
dest_label,30658,"139.6186899,35.74432599",0.002081166
dest_label,30854,"139.5908576,35.73242866",0.002081166
dest_label,31109,"139.585816,35.75805182",0.002081166
dest_label,31351,"139.6313894,35.75961657",0.002081166
dest_label,31572,"139.6883793,35.7656754",0.002081166
dest_label,31890,"139.7028104,35.75098756",0.002081166
dest_label,32232,"139.6509132,35.77718066",0.002081166
dest_label,32465,"139.6691077,35.79093555",0.002081166
dest_label,32748,"139.7159401,35.78153441",0.002081166
dest_label,33083,"139.7359571,35.76161306",0.002081166
dest_label,33396,"139.7445217,35.74468911",0.002081166
dest_label,33727,"139.8388353,35.77540687",0.002081166
dest_label,33954,"139.8014804,35.74831588",0.002081166
dest_label,34227,"139.8115359,35.78502475",0.002081166
dest_label,34550,"139.7761682,35.76445097",0.002081166
dest_label,34731,"139.769947,35.78818634",0.002081166
dest_label,35014,"139.8669858,35.77807795",0.002081166
dest_label,35264,"139.8729048,35.75002744",0.002081166
dest_label,35442,"139.854827,35.72692459",0.002081166
dest_label,35697,"139.8395082,35.75024195",0.002081166
dest_label,36011,"139.8469707,35.70273341",0.002081166
dest_label,36208,"139.8696279,35.69725556",0.002081166
dest_label,36481,"139.8850711,35.73094287",0.002081166
dest_label,36738,"139.8973821,35.69865739",0.002081166
dest_label,36987,"139.865297,35.6594891",0.002081166
dest_label,37315,"139.5666243,35.66381504",0.002081166
dest_label,37558,"139.5407373,35.65306807",0.002081166
dest_label,37851,"139.5774967,35.63518352",0.002081166
dest_label,38076,"139.5607214,35.68506942",0.002081166
dest_label,38409,"139.5618518,35.70837085",0.002081166
dest_label,38777,"139.5545133,35.73843701",0.002081166
dest_label,39021,"139.5359108,35.73049027",0.002081166
dest_label,39231,"139.5225183,35.78176073",0.002081166
dest_label,39451,"139.5202827,35.75429834",0.002081166
dest_label,39671,"139.4990436,35.66617847",0.002081166
dest_label,39937,"139.4667105,35.67578488",0.002081166
dest_label,40265,"139.4390389,35.68659901",0.002081166
dest_label,40523,"139.5113479,35.70134903",0.002081166
dest_label,40798,"139.4617633,35.70576324",0.002081166
dest_label,41074,"139.4991877,35.72694408",0.002081166
dest_label,41301,"139.4613123,35.72878357",0.002081166
dest_label,41562,"139.4726993,35.75957471",0.002081166
dest_label,41817,"139.401139,35.72568485",0.002081166
dest_label,42013,"139.4095385,35.70952959",0.002081166
dest_label,42282,"139.4092357,35.69343515",0.002081166
dest_label,42512,"139.3824591,35.70678178",0.002081166
dest_label,42666,"139.3563332,35.70801773",0.002081166
dest_label,42835,"139.4268412,35.75079748",0.002081166
dest_label,43030,"139.3841793,35.75073498",0.002081166
dest_label,43178,"139.4652487,35.53928121",0.002081166
dest_label,43491,"139.4568402,35.57878649",0.002081166
dest_label,43780,"139.3854262,35.59503131",0.002081166
dest_label,44036,"139.4487397,35.64445389",0.002081166
dest_label,44237,"139.4345272,35.62192696",0.002081166
dest_label,44530,"139.4932795,35.63322914",0.002081166
dest_label,44760,"139.3952259,35.67202644",0.002081166
dest_label,45002,"139.403983,35.65309468",0.002081166
dest_label,45214,"139.339242,35.68524712",0.002081166
dest_label,45477,"139.3397155,35.63476915",0.002081166
dest_label,45717,"139.3842387,35.6243288",0.002081166
dest_label,46052,"139.2255029,35.66521326",0.002081166
dest_label,46159,"139.3277935,35.65669684",0.002081166
dest_label,46389,"139.2944787,35.63340795",0.002081166
dest_label,46588,"139.2796114,35.67571436",0.002081166
dest_label,46771,"139.3495783,35.77454167",0.002081166
dest_label,46895,"139.3366283,35.73630741",0.002081166
dest_label,47044,"139.3156234,35.76429039",0.002081166
dest_label,47204,"139.226659,35.7589995",0.002081166
dest_label,47281,"139.279323,35.78648122",0.002081166
dest_label,47469,"139.2226056,35.81310012",0.002081166
dest_label,47553,"139.2941931,35.73294141",0.002081166
dest_label,47691,"139.1953951,35.73322595",0.002081166
dest_label,47763,"139.0557067,35.82286402",0.002081166
dest_label,47802,"139.1049656,35.72529797",0.002081166
dest_label,47827,"139.6224012,35.45668927",0.002081166
dest_label,48008,"139.6120987,35.46381347",0.002081166
dest_label,48301,"139.6156173,35.44910289",0.002081166
dest_label,48471,"139.6303021,35.46082475",0.002081166
dest_label,48788,"139.631963,35.44256483",0.002081166
dest_label,49015,"139.6383277,35.44734104",0.002081166
dest_label,49267,"139.6470885,35.44827706",0.002081166
dest_label,49526,"139.6619087,35.43845423",0.002081166
dest_label,49624,"139.648618,35.43368639",0.002081166
dest_label,49819,"139.6653858,35.42232442",0.002081166
dest_label,50042,"139.6287277,35.41857301",0.002081166
dest_label,50186,"139.6141863,35.40953243",0.002081166
dest_label,50364,"139.622496,35.40017651",0.002081166
dest_label,50515,"139.614841,35.38499281",0.002081166
dest_label,50702,"139.6013079,35.37229473",0.002081166
dest_label,50876,"139.6241674,35.43619949",0.002081166
dest_label,1,"139.7573442,35.68461018",0.002081166
dest_label,505,"139.7421047,35.68753724",0.002081166
dest_label,1006,"139.7671389,35.69666092",0.002081166
orig_label,1524,"139.7668389,35.69636092",0.001040583
orig_label,504,"139.7570442,35.68431018",0.001040583
orig_label,5178,"139.745531,35.66203467",0.001040583
orig_label,1005,"139.7418047,35.68723724",0.001040583
orig_label,16347,"139.6916144,35.69467596",0.001040583
orig_label,5668,"139.7538057,35.63696412",0.001040583
orig_label,18023,"139.7037923,35.66398901",0.001040583
orig_label,2002,"139.7543978,35.67335735",0.001040583
orig_label,15855,"139.7054059,35.69702138",0.001040583
orig_label,2475,"139.7828377,35.68697357",0.001040583
orig_label,3862,"139.7745685,35.66998822",0.001040583
orig_label,6135,"139.7353411,35.65164471",0.001040583
orig_label,8014,"139.7235183,35.62339142",0.001040583
orig_label,4674,"139.7259117,35.67034591",0.001040583
orig_label,2937,"139.7720878,35.67964466",0.001040583
orig_label,3395,"139.7655765,35.67051251",0.001040583
orig_label,12804,"139.7097207,35.72781321",0.001040583
orig_label,12356,"139.7293076,35.73465323",0.001040583
orig_label,21050,"139.7743237,35.71854476",0.001040583
orig_label,24792,"139.7903151,35.63279825",0.001040583
orig_label,8443,"139.7439541,35.61712843",0.001040583
orig_label,17538,"139.6994244,35.67840857",0.001040583
orig_label,18443,"139.7110099,35.64998239",0.001040583
orig_label,20616,"139.7862782,35.70297098",0.001040583
orig_label,13837,"139.761848,35.70762469",0.001040583
orig_label,14249,"139.7438859,35.7111742",0.001040583
orig_label,17114,"139.7184147,35.70289695",0.001040583
orig_label,15380,"139.7227033,35.68557888",0.001040583
orig_label,8841,"139.7340215,35.59835554",0.001040583
orig_label,13425,"139.7538668,35.72391625",0.001040583
orig_label,6530,"139.7302876,35.63740051",0.001040583
orig_label,14976,"139.7352426,35.70163352",0.001040583
orig_label,20201,"139.7884656,35.71271137",0.001040583
orig_label,18819,"139.6800175,35.67391643",0.001040583
orig_label,38776,"139.5615518,35.70807085",0.001040583
orig_label,10628,"139.7696799,35.55199857",0.001040583
orig_label,16708,"139.6917738,35.71712659",0.001040583
orig_label,28787,"139.6416671,35.6230338",0.001040583
orig_label,28428,"139.6714428,35.64180982",0.001040583
orig_label,4211,"139.7790324,35.65777559",0.001040583
orig_label,7217,"139.6808978,35.61920867",0.001040583
orig_label,11913,"139.7148346,35.5625941",0.001040583
orig_label,19364,"139.7795161,35.73804087",0.001040583
orig_label,32231,"139.7025104,35.75068756",0.001040583
orig_label,14590,"139.7314637,35.71996232",0.001040583
orig_label,6869,"139.7045167,35.63454693",0.001040583
orig_label,10264,"139.7572248,35.57975848",0.001040583
orig_label,26149,"139.6748936,35.70599871",0.001040583
orig_label,22456,"139.8001083,35.69497339",0.001040583
orig_label,33082,"139.7156401,35.78123441",0.001040583
orig_label,46051,"139.3839387,35.6240288",0.001040583
orig_label,25126,"139.7995729,35.67318708",0.001040583
orig_label,7550,"139.6892333,35.64785201",0.001040583
orig_label,38408,"139.5604214,35.68476942",0.001040583
orig_label,33726,"139.7442217,35.74438911",0.001040583
orig_label,37314,"139.864997,35.6591891",0.001040583
orig_label,40264,"139.4664105,35.67548488",0.001040583
orig_label,9925,"139.7186254,35.57677553",0.001040583
orig_label,22121,"139.813673,35.69721479",0.001040583
orig_label,23497,"139.8320084,35.66476368",0.001040583
orig_label,34549,"139.8112359,35.78472475",0.001040583
orig_label,24361,"139.8083678,35.65666891",0.001040583
orig_label,31889,"139.6880793,35.7653754",0.001040583
orig_label,48787,"139.6300021,35.46052475",0.001040583
orig_label,9157,"139.7106939,35.611439",0.001040583
orig_label,24040,"139.8144215,35.67064958",0.001040583
orig_label,36010,"139.8392082,35.74994195",0.001040583
orig_label,33395,"139.7356571,35.76131306",0.001040583
orig_label,43490,"139.4649487,35.53898121",0.001040583
orig_label,27017,"139.6507129,35.68215948",0.001040583
orig_label,30154,"139.6381256,35.64687005",0.001040583
orig_label,27561,"139.6070025,35.69722391",0.001040583
orig_label,30657,"139.6572866,35.73783977",0.001040583
orig_label,37850,"139.5404373,35.65276807",0.001040583
orig_label,44529,"139.4342272,35.62162696",0.001040583
orig_label,48300,"139.6117987,35.46351347",0.001040583
orig_label,29341,"139.6055519,35.63169093",0.001040583
orig_label,43779,"139.4565402,35.57848649",0.001040583
orig_label,32747,"139.6688077,35.79063555",0.001040583
orig_label,35013,"139.769647,35.78788634",0.001040583
orig_label,26430,"139.6712381,35.68951083",0.001040583
orig_label,26711,"139.6397615,35.70590766",0.001040583
orig_label,41073,"139.4614633,35.70546324",0.001040583
orig_label,22902,"139.8304067,35.69892926",0.001040583
orig_label,40797,"139.5110479,35.70104903",0.001040583
orig_label,34226,"139.8011804,35.74801588",0.001040583
orig_label,36480,"139.8693279,35.69695556",0.001040583
orig_label,28070,"139.6610513,35.66186772",0.001040583
orig_label,23172,"139.8359308,35.683108",0.001040583
orig_label,42281,"139.4092385,35.70922959",0.001040583
orig_label,11567,"139.6921517,35.59146391",0.001040583
orig_label,39936,"139.4987436,35.66587847",0.001040583
orig_label,29050,"139.6607187,35.60385406",0.001040583
orig_label,45476,"139.338942,35.68494712",0.001040583
orig_label,25810,"139.6521803,35.72152248",0.001040583
orig_label,41561,"139.4610123,35.72848357",0.001040583
orig_label,29849,"139.6271702,35.66082868",0.001040583
orig_label,49525,"139.6467885,35.44797706",0.001040583
orig_label,40522,"139.4387389,35.68629901",0.001040583
orig_label,36737,"139.8847711,35.73064287",0.001040583
orig_label,44035,"139.3851262,35.59473131",0.001040583
orig_label,31108,"139.5905576,35.73212866",0.001040583
orig_label,35696,"139.854527,35.72662459",0.001040583
orig_label,41816,"139.4723993,35.75927471",0.001040583
orig_label,49266,"139.6380277,35.44704104",0.001040583
orig_label,9598,"139.7134883,35.59052764",0.001040583
orig_label,35263,"139.8666858,35.77777795",0.001040583
orig_label,29590,"139.601761,35.66326425",0.001040583
orig_label,36986,"139.8970821,35.69835739",0.001040583
orig_label,11099,"139.6905137,35.56424052",0.001040583
orig_label,39020,"139.5542133,35.73813701",0.001040583
orig_label,19820,"139.798086,35.72266805",0.001040583
orig_label,37557,"139.5663243,35.66351504",0.001040583
orig_label,31350,"139.585516,35.75775182",0.001040583
orig_label,45001,"139.3949259,35.67172644",0.001040583
orig_label,27258,"139.6265447,35.68332672",0.001040583
orig_label,45716,"139.3394155,35.63446915",0.001040583
orig_label,27798,"139.6095267,35.71886129",0.001040583
orig_label,21794,"139.8065515,35.70603732",0.001040583
orig_label,25359,"139.8011918,35.6828198",0.001040583
orig_label,32464,"139.6506132,35.77688066",0.001040583
orig_label,42511,"139.4089357,35.69313515",0.001040583
orig_label,44759,"139.4929795,35.63292914",0.001040583
orig_label,46388,"139.3274935,35.65639684",0.001040583
orig_label,23724,"139.8314344,35.63884089",0.001040583
orig_label,33953,"139.8385353,35.77510687",0.001040583
orig_label,41300,"139.4988877,35.72664408",0.001040583
orig_label,49014,"139.631663,35.44226483",0.001040583
orig_label,38075,"139.5771967,35.63488352",0.001040583
orig_label,10851,"139.7133435,35.54796544",0.001040583
orig_label,13027,"139.6897372,35.73287496",0.001040583
orig_label,50041,"139.6650858,35.42202442",0.001040583
orig_label,31571,"139.6310894,35.75931657",0.001040583
orig_label,39450,"139.5222183,35.78146073",0.001040583
orig_label,39670,"139.5199827,35.75399834",0.001040583
orig_label,19577,"139.7658736,35.74816947",0.001040583
orig_label,45213,"139.403683,35.65279468",0.001040583
orig_label,39230,"139.5356108,35.73019027",0.001040583
orig_label,19021,"139.8014049,35.73482344",0.001040583
orig_label,11300,"139.6745243,35.58645444",0.001040583
orig_label,21558,"139.82015,35.71217015",0.001040583
orig_label,44236,"139.4484397,35.64415389",0.001040583
orig_label,30354,"139.6595186,35.75814865",0.001040583
orig_label,46587,"139.2941787,35.63310795",0.001040583
orig_label,36207,"139.8466707,35.70243341",0.001040583
orig_label,30853,"139.6183899,35.74402599",0.001040583
orig_label,42012,"139.400839,35.72538485",0.001040583
orig_label,43029,"139.4265412,35.75049748",0.001040583
orig_label,49818,"139.648318,35.43338639",0.001040583
orig_label,9347,"139.7591421,35.60166381",0.001040583
orig_label,25549,"139.815395,35.68444016",0.001040583
orig_label,47468,"139.279023,35.78618122",0.001040583
orig_label,50701,"139.614541,35.38469281",0.001040583
orig_label,46770,"139.2793114,35.67541436",0.001040583
orig_label,34730,"139.7758682,35.76415097",0.001040583
orig_label,48007,"139.6221012,35.45638927",0.001040583
orig_label,35441,"139.8726048,35.74972744",0.001040583
orig_label,50363,"139.6138863,35.40923243",0.001040583
orig_label,50875,"139.6010079,35.37199473",0.001040583
orig_label,22627,"139.813861,35.71975672",0.001040583
orig_label,48470,"139.6153173,35.44880289",0.001040583
orig_label,42834,"139.3560332,35.70771773",0.001040583
orig_label,21357,"139.8310292,35.7175019",0.001040583
orig_label,47203,"139.3153234,35.76399039",0.001040583
orig_label,42665,"139.3821591,35.70648178",0.001040583
orig_label,50514,"139.622196,35.39987651",0.001040583
orig_label,47043,"139.3363283,35.73600741",0.001040583
orig_label,43177,"139.3838793,35.75043498",0.001040583
orig_label,21194,"139.8181591,35.73293302",0.001040583
orig_label,50185,"139.6284277,35.41827301",0.001040583
orig_label,47690,"139.2938931,35.73264141",0.001040583
orig_label,51012,"139.6238674,35.43589949",0.001040583
orig_label,46894,"139.3492783,35.77424167",0.001040583
orig_label,46158,"139.2252029,35.66491326",0.001040583
orig_label,49623,"139.6616087,35.43815423",0.001040583
orig_label,47552,"139.2223056,35.81280012",0.001040583
orig_label,47280,"139.226359,35.7586995",0.001040583
orig_label,47762,"139.1950951,35.73292595",0.001040583
orig_label,47801,"139.0554067,35.82256402",0.001040583
orig_label,47826,"139.1046656,35.72499797",0.001040583
